Rank,Change,Player,School,Position,Height,Weight,Position2,Date
1,--,Tua Tagovailoa,Alabama,QB,"6'1""",218,,2019-05-21
2,--,Jerry Jeudy,Alabama,WRF,"6'1""",192,,2019-05-21
3,--,Justin Herbert,Oregon,QB,"6'6""",225,,2019-05-21
4,--,Chase Young,Ohio State,EDGE,"6'5""",265,,2019-05-21
5,--,A.J. Epenesa,Iowa,EDGE,"6'5""",277,DL5T,2019-05-21
6,--,Jake Fromm,Georgia,QB,"6'2""",220,,2019-05-21
7,--,Grant Delpit,LSU,S,"6'3""",203,,2019-05-21
8,--,Walker Little,Stanford,OT,"6'7""",313,,2019-05-21
9,--,Laviska Shenault,Colorado,WRF,"6'2""",220,,2019-05-21
10,--,Andrew Thomas,Georgia,OT,"6'5""",320,,2019-05-21
11,--,Isaiah Simmons,Clemson,OLB,"6'4""",225,S,2019-05-21
12,--,Trey Smith,Tennessee,OT,"6'6""",337,OG,2019-05-21
13,--,Derrick Brown,Auburn,DL3T,"6'5""",318,DL1T,2019-05-21
14,--,Dylan Moses,Alabama,ILB,"6'3""",233,,2019-05-21
15,--,CeeDee Lamb,Oklahoma,WRF,"6'2""",189,,2019-05-21
16,--,C.J. Henderson,Florida,CB,"6'1""",186,,2019-05-21
17,--,Tee Higgins,Clemson,WRF,"6'4""",200,,2019-05-21
18,--,Yetur Gross-Matos,Penn State,EDGE,"6'4""",262,,2019-05-21
19,--,Raekwon Davis,Alabama,DL3T,"6'7""",306,,2019-05-21
20,--,Henry Ruggs III,Alabama,WRF,"6'0""",183,,2019-05-21
21,--,Albert Okwuegbunam,Missouri,TE,"6'5""",255,,2019-05-21
22,--,Kristian Fulton,LSU,CB,"6'0""",192,,2019-05-21
23,--,Tristan Wirfs,Iowa,OT,"6'5""",320,,2019-05-21
24,--,Nick Coe,Auburn,DL5T,"6'5""",282,EDGE,2019-05-21
25,--,Jalen Reagor,TCU,WRS,"5'11""",195,,2019-05-21
26,--,Tyler Biadasz,Wisconsin,OG,"6'3""",315,,2019-05-21
27,--,Tylan Wallace,Oklahoma State,WRF,"6'0""",185,,2019-05-21
28,--,J.K. Dobbins,Ohio State,RBF,"5'10""",214,,2019-05-21
29,--,Bryce Hall,Virginia,CB,"6'1""",200,,2019-05-21
30,--,Terrell Lewis,Alabama,EDGE,"6'5""",255,,2019-05-21
31,--,Donovan Peoples-Jones,Michigan,WRF,"6'2""",208,,2019-05-21
32,--,Xavier McKinney,Alabama,S,"6'1""",196,,2019-05-21
33,--,Travis Etienne,Clemson,RBF,"5'10""",200,,2019-05-21
34,--,Trevon Diggs,Alabama,CB,"6'2""",200,,2019-05-21
35,--,LaBryan Ray,Alabama,DL5T,"6'5""",285,,2019-05-21
36,--,Jaylon Johnson,Utah,CB,"6'0""",190,,2019-05-21
37,--,Michael Divinity Jr.,LSU,OLB,"6'2""",238,,2019-05-21
38,--,Parker Braun,Texas,OT,"6'3""",280,,2019-05-21
39,--,Jonathan Taylor,Wisconsin,RBF,"5'11""",215,,2019-05-21
40,--,Michael Onwenu,Michigan,OG,"6'3""",369,,2019-05-21
41,--,Jacob Eason,Washington,QB,"6'6""",228,,2019-05-21
42,--,Rashard Lawrence,LSU,DL3T,"6'3""",317,DL1T,2019-05-21
43,--,Collin Johnson,Texas,WRF,"6'6""",220,,2019-05-21
44,--,T.J. McCoy,Louisville,OC,"6'1""",315,,2019-05-21
45,--,Shaquille Quarterman,Miami (FL),ILB,"6'1""",240,,2019-05-21
46,--,Jacob Phillips,LSU,ILB,"6'4""",229,,2019-05-21
47,--,Richard LeCounte,Georgia,S,"5'11""",190,,2019-05-21
48,--,T.J. Vasher,Texas Tech,WRF,"6'6""",190,,2019-05-21
49,--,Jake Breeland,Oregon,TE,"6'5""",240,,2019-05-21
50,--,Mekhi Becton,Louisville,OT,"6'7""",355,,2019-05-21
51,--,Tre'Vour Wallace-Simms,Missouri,OG,"6'5""",330,,2019-05-21
52,--,Julian Okwara,Notre Dame,EDGE,"6'5""",241,,2019-05-21
53,--,Anfernee Jennings,Alabama,EDGE,"6'3""",259,OLB,2019-05-21
54,--,Khalid Kareem,Notre Dame,EDGE,"6'4""",265,,2019-05-21
55,--,Shea Patterson,Michigan,QB,"6'2""",200,,2019-05-21
56,--,Eno Benjamin,Arizona State,RBF,"5'10""",201,,2019-05-21
57,--,Tarik Black,Michigan,WRF,"6'3""",215,,2019-05-21
58,--,Najee Harris,Alabama,RBF,"6'2""",230,,2019-05-21
59,--,Javon Kinlaw,South Carolina,DL3T,"6'6""",302,,2019-05-21
60,--,Justin Madubuike,Texas A&M,Dl3T,"6'3""",304,,2019-05-21
61,--,Curtis Weaver,Boise State,EDGE,"6'3""",266,,2019-05-21
62,--,Kenny Willekes,Michigan State,EDGE,"6'4""",260,,2019-05-21
63,--,Tommy Kraemer,Notre Dame,OG,"6'6""",319,,2019-05-21
64,--,A.J. Terrell,Clemson,CB,"6'2""",190,,2019-05-21
65,--,Steven Montez,Colorado,QB,"6'5""",230,,2019-05-21
66,--,Michael Pinckney,Miami (FL),OLB,"6'1""",220,,2019-05-21
67,--,Lavert Hill,Michigan,CB,"5'11""",181,,2019-05-21
68,--,Brandon Jones,Texas,S,"6'0""",210,,2019-05-21
69,--,Jalen Thompson,Washington State,S,"6'0""",190,,2019-05-21
70,--,Trey Adams,Washington,OT,"6'7""",315,,2019-05-21
71,--,J.R. Reed,Georgia,S,"6'1""",194,,2019-05-21
72,--,K.J. Hill,Ohio State,WRF,"6'0""",195,,2019-05-21
73,--,K'Lavon Chaisson,LSU,EDGE,"6'4""",238,OLB,2019-05-21
74,--,Alaric Jackson,Iowa,OT,"6'6""",320,,2019-05-21
75,--,Alton Robinson,Syracuse,EDGE,"6'4""",257,,2019-05-21
76,--,Jeffrey Okudah,Ohio State,CB,"6'1""",200,,2019-05-21
77,--,Zack Moss,Utah,RBF,"5'10""",210,,2019-05-21
78,--,Calvin Throckmorton,Oregon,OT,"6'5""",318,,2019-05-21
79,--,Matt Hennessy,Temple,OC,"6'4""",295,,2019-05-21
80,--,Malik Harrison,Ohio State,ILB,"6'3""",245,,2019-05-21
81,--,Cam Akers,Florida State,RBF,"5'11""",210,,2019-05-21
82,--,Marlon Davidson,Auburn,DL5T,"6'3""",278,,2019-05-21
83,--,Dontavious Jackson,Florida State,ILB,"6'3""",233,,2019-05-21
84,--,K.J. Costello,Stanford,QB,"6'5""",215,,2019-05-21
85,--,Willie Gay Jr.,Mississippi State,OLB,"6'2""",235,,2019-05-21
86,--,DeVonta Smith,Alabama,WRF,"6'1""",193,,2019-05-21
87,--,D'Andre Swift,Georgia,RBC,"5'9""",215,,2019-05-21
88,--,Shyheim Carter,Alabama,CB,"6'0""",195,,2019-05-21
89,--,Ben Bredeson,Michigan,OG,"6'5""",320,,2019-05-21
90,--,A.J. Dillon,Boston College,RBF,"6'0""",245,,2019-05-21
91,--,Troy Dye,Oregon,ILB,"6'4""",224,,2019-05-21
92,--,Saahdiq Charles,LSU,OT,"6'5""",305,,2019-05-21
93,--,Jordan Fuller,Ohio State,S,"6'2""",205,,2019-05-21
94,--,Kenny Cooper,Georgia Tech,OC,"6'2""",305,,2019-05-21
95,--,Joe Bachie,Michigan State,ILB,"6'2""",238,,2019-05-21
96,--,Marvin Wilson,Florida State,DL1T,"6'5""",314,DL3T,2019-05-21
97,--,Chubba Hubbard,Oklahoma State,RBF,"6'1""",207,,2019-05-21
98,--,Shane Lemieux,Oregon,OG,"6'4""",317,,2019-05-21
99,--,Anthony Hines,Texas A&M,OLB,"6'3""",226,,2019-05-21
100,--,Colby Parkinson,Stanford,TE,"6'7""",240,,2019-05-21
101,--,Marquez Callaway,Tennessee,WRF,"6'2""",200,,2019-05-21
102,--,Kenneth Murray,Oklahoma,OLB,"6'2""",238,,2019-05-21
103,--,Darrell Taylor,Tennessee,EDGE,"6'4""",247,,2019-05-21
104,--,Cohl Cabral,Arizona State,OC,"6'5""",291,,2019-05-21
105,--,Jalen Hurts,Oklahoma,QB,"6'2""",210,,2019-05-21
106,--,Liam Eichenberg,Notre Dame,OT,"6'6""",305,,2019-05-21
107,--,Glen Logan,LSU,DL5T,"6'4""",297,,2019-05-21
108,--,David Dowell,Michigan State,S,"6'1""",205,,2019-05-21
109,--,Mike Hampton,South Florida,CB,"6'1""",180,,2019-05-21
110,--,Paddy Fisher,Northwestern,ILB,"6'4""",241,,2019-05-21
111,--,Tuf Borland,Ohio State,ILB,"6'1""",230,,2019-05-21
112,--,Prince Tega Wanogho,Auburn,OT,"6'7""",310,,2019-05-21
113,--,Grant Calcaterra,Oklahoma,TE,"6'4""",221,,2019-05-21
114,--,J.J. Taylor,Arizona,RBC,"5'6""",184,,2019-05-21
115,--,Zach Robertson,Arizona State,OG,"6'5""",335,OT,2019-05-21
116,--,Ke'Shawn Vaughn,Vanderbilt,RBF,"5'10""",215,,2019-05-21
117,--,Alohi Gilman,Notre Dame,S,"5'11""",201,,2019-05-21
118,--,Brian Lewerke,Michigan State,QB,"6'3""",214,,2019-05-21
119,--,Chase Claypool,Notre Dame,WRF,"6'4""",227,,2019-05-21
120,--,Chase Lucas,Arizona State,CB,"6'0""",175,,2019-05-21
121,--,Solomon Kindley,Georgia,OG,"6'4""",335,,2019-05-21
122,--,Sean Pollard,Clemson,OG,"6'5""",320,,2019-05-21
123,--,Josh Kaindoh,Florida State,EDGE,"6'7""",261,,2019-05-21
124,--,T.J. Carter,Memphis,CB,"5'11""",180,,2019-05-21
125,--,Mustafa Johnson,Colorado,DL3T,"6'2""",290,,2019-05-21
126,--,Britain Covey,Utah,WRS,"5'8""",170,,2019-05-21
127,--,Jared Pinkney,Vanderbilt,TE,"6'4""",255,,2019-05-21
128,--,Jabari Zuniga,Florida,EDGE,"6'4""",257,,2019-05-21
129,--,Demetris Robertson,Georgia,WRF,"6'0""",190,,2019-05-21
130,--,Lucas Niang,TCU,OT,"6'7""",328,,2019-05-21
131,--,Zack Shackelford,Texas,OC,"6'4""",305,,2019-05-21
132,--,Jake Hanson,Oregon,OC,"6'5""",297,,2019-05-21
133,--,Jonathon Cooper,Ohio State,EDGE,"6'4""",257,,2019-05-21
134,--,Jeffrey McCulloch,Texas,ILB,"6'3""",245,,2019-05-21
135,--,Damon Arnette,Ohio State,CB,"6'0""",195,,2019-05-21
136,--,McTelvin Agim,Arkansas,DL5T,"6'3""",279,,2019-05-21
137,--,Julian Blackmon,Utah,S,"6'1""",195,,2019-05-21
138,--,Alex Leatherwood,Alabama,OT,"6'6""",304,,2019-05-21
139,--,Marcus Keyes,Oklahoma State,OG,"6'3""",309,,2019-05-21
140,--,Cesar Ruiz,Michigan,OC,"6'4""",219,,2019-05-21
141,--,Michael Warren II,Cincinnati,RBF,"5'11""",218,,2019-05-21
142,--,Tyler Vaughns,USC,WRF,"6'2""",185,,2019-05-21
143,--,Larry Rountree III,Missouri,RBF,"5'10""",210,,2019-05-21
144,--,Scott Lashley,Alabama,OT,"6'7""",307,,2019-05-21
145,--,Mitchell Wilcox,South Florida,TE,"6'5""",245,,2019-05-21
146,--,Carter Coughlin,Minnesota,OLB,"6'4""",245,EDGE,2019-05-21
147,--,Anthony McFarland Jr.,Maryland,RBC,"5'8""",193,,2019-05-21
148,--,Jon Runyan,Michigan,OT,"6'5""",310,,2019-05-21
149,--,Nigel Warrior,Tennessee,S,"6'0""",191,,2019-05-21
150,--,Logan Stenberg,Kentucky,OG,"6'6""",326,,2019-05-21
151,--,Lorenzo Neal,Purdue,DL3T,"6'3""",315,,2019-05-21
152,--,Antoine Brooks Jr.,Maryland,S,"5'11""",210,,2019-05-21
153,--,Benito Jones,Ole Miss,DL1T,"6'1""",326,,2019-05-21
154,--,Denzel Mims,Baylor,WRF,"6'3""",197,,2019-05-21
155,--,Rodney Smith,Minnesota,RBF,"5'11""",210,,2019-05-21
156,--,Nate Stanley,Iowa,QB,"6'4""",243,,2019-05-21
157,--,Drew Richmond,USC,OT,"6'5""",316,,2019-05-21
158,--,DeMarkus Acy,Missouri,CB,"6'2""",195,,2019-05-21
159,--,Harrison Bryant,Florida Atlantic,TE,"6'5""",240,,2019-05-21
160,--,Jonathan Garvin,Miami (FL),EDGE,"6'4""",250,,2019-05-21
161,--,Levonta Taylor,Florida State,CB,"5'10""",181,,2019-05-21
162,--,Erroll Thompson,Mississippi State,ILB,"6'1""",250,,2019-05-21
163,--,Richard Moore,SMU,OLB,"6'0""",230,,2019-05-21
164,--,Joe Gaziano,Northwestern,DL5T,"6'4""",275,,2019-05-21
165,--,Lamical Perine,Florida,RBF,"5'11""",227,,2019-05-21
166,--,Krys Barnes,UCLA,ILB,"6'1""",235,,2019-05-21
167,--,Christian Rector,USC,EDGE,"6'4""",275,,2019-05-21
168,--,Theo Howard,UCLA,WRF,"6'0""",182,,2019-05-21
169,--,Reggie Floyd,Virginia Tech,S,"6'0""",222,,2019-05-21
170,--,Robert Windsor,Penn State,DL3T,"6'4""",289,,2019-05-21
171,--,Pete Werner,Ohio State,ILB,"6'3""",236,,2019-05-21
172,--,Isaiahh Loudermilk,Wisconsin,DL5T,"6'7""",306,,2019-05-21
173,--,Julian Rochester,Georgia,DL3T,"6'5""",300,,2019-05-21
174,--,Dylan Singleton,Duke,S,"5'11""",190,,2019-05-21
175,--,D'Eriq King,Houston,QB,"5'11""",195,,2019-05-21
176,--,Corey Bethley,TCU,DL3T,"6'2""",290,,2019-05-21
177,--,Jedrick Wills,Alabama,OT,"6'5""",316,,2019-05-21
178,--,Gus Lavaka,Oregon State,OG,"6'4""",358,,2019-05-21
179,--,Scottie Phillips,Ole Miss,RBC,"5'8""",212,,2019-05-21
180,--,Cam Brown,Penn State,ILB,"6'5""",230,,2019-05-21
181,--,Frederick Mauigoa,Washington State,OC,"6'3""",310,,2019-05-21
182,--,Sam Ehlinger,Texas,QB,"6'3""",235,,2019-05-21
183,--,Essang Bassey,Wake Forest,CB,"6'10""",190,,2019-05-21
184,--,Josh Uche,Michigan,OLB,"6'3""",238,,2019-05-21
185,--,Joshua Kelley,UCLA,RBC,"5'11""",204,,2019-05-21
186,--,Jared Rice,Fresno State,TE,"6'5""",238,,2019-05-21
187,--,Tedarrell Slaton,Florida,DL1T,"6'5""",343,,2019-05-21
188,--,Rayshard Ashby,Virginia Tech,ILB,"5'10""",230,,2019-05-21
189,--,Tremayne Anchrum,Clemson,OG,"6'2""",310,,2019-05-21
190,--,Marlon Tuipulotu,USC,DL3T,"6'3""",305,,2019-05-21
191,--,John Simpson,Clemson,OG,"6'4""",330,,2019-05-21
192,--,Nick Westbrook,Indiana,WRF,"6'3""",216,,2019-05-21
193,--,T.J. Brunson,South Carolina,ILB,"6'0""",230,,2019-05-21
194,--,Kenny Robinson Jr.,West Virginia,S,"6'2""",202,,2019-05-21
195,--,Paulson Adedo,Stanford,CB,"6'1""",189,,2019-05-21
196,--,Mohamed Barry,Nebraska,ILB,"6'1""",230,,2019-05-21
197,--,Colton Prater,Texas A&M,OT,"6'4""",298,,2019-05-21
198,--,Khalil Davis,Nebraska,DL1T,"6'2""",310,,2019-05-21
199,--,James Proche,SMU,WRF,"5'11""",190,,2019-05-21
200,--,Patrick Johnson,Tulane,EDGE,"6'3""",255,,2019-05-21
201,--,Jordan Elliott,Missouri,DL3T,"6'4""",315,,2019-05-21
202,--,Scott Frantz,Kansas State,OT,"6'5""",303,,2019-05-21
203,--,Juwan Washington,San Diego State,RBC,"5'7""",190,,2019-05-21
204,--,Colton Jackson,Arkansas,OT,"6'5""",301,,2019-05-21
205,--,Tavien Feaster,Clemson,RBF,"5'11""",220,,2019-05-21
206,--,Dalton Keene,Virginia Tech,TE,"6'4""",246,,2019-05-21
207,--,Blake Brandel,Oregon State,OT,"6'7""",303,,2019-05-21
208,--,Kellen Mond,Texas A&M,QB,"6'2""",217,,2019-05-21
209,--,Ben Petrula,Boston College,OT,"6'5""",310,,2019-05-21
210,--,Cameron Dantzler,Mississippi State,CB,"6'2""",185,,2019-05-21
211,--,Raequan Williams,Michigan State,DL3T,"6'4""",298,,2019-05-21
212,--,Tyler Johnson,Minnesota,WRF,"6'2""",200,,2019-05-21
213,--,Nyles Pinckney,Clemson,DL3T,"6'1""",305,,2019-05-21
214,--,K'Von Wallace,Clemson,S,"5'11""",210,,2019-05-21
215,--,Jordan Cronkrite,South Florida,RBF,"5'11""",207,,2019-05-21
216,--,Tyler Clark,Georgia,DL1T,"6'4""",300,,2019-05-21
217,--,John Molchon,Boise State,OG,"6'5""",322,,2019-05-21
218,--,Steven Gonzalez,Penn State,OG,"6'4""",349,,2019-05-21
219,--,Thomas Graham Jr.,Oregon,CB,"5'11""",191,,2019-05-21
220,--,Leki Fotu,Utah,DL1T,"6'5""",330,,2019-05-21
221,--,Braden Mann,Texas A&M,P,"5'11""",195,,2019-05-21
222,--,Evan Weaver,California,ILB,"6'3""",245,,2019-05-21
223,--,Kiel Pollard,South Carolina,FB,"6'1""",235,,2019-05-21
224,--,Josiah Deguara,Cincinnati,TE,"6'3""",240,,2019-05-21
225,--,Patrick Queen,LSU,ILB,"6'2""",232,,2019-05-21
226,--,Dante Olson,Montana,ILB,"6'3""",237,,2019-05-21
227,--,Trey Sermon,Oklahoma,RBF,"6'0""",224,,2019-05-21
228,--,Hakeem Adeniji,Kansas,OT,"6'5""",310,,2019-05-21
229,--,Josiah Scott,Michigan State,CB,"5'10""",168,,2019-05-21
230,--,Daelin Hayes,Notre Dame,DL5T,"6'4""",268,,2019-05-21
231,--,Matt Womack,Alabama,OG,"6'7""",325,,2019-05-21
232,--,Jet Toner,Stanford,PK,"6'4""",201,,2019-05-21
233,--,Feleipe Franks,Florida,QB,"6'6""",240,,2019-05-21
234,--,Jordan Johnson,UCF,OC,"6'2""",320,,2019-05-21
235,--,Rashad Weaver,Pitt,EDGE,"6'5""",260,,2019-05-21
236,--,Kennedy McKoy,West Virginia,RBC,"6'0""",198,,2019-05-21
237,--,Justin Herron,Wake Forest,OT,"6'5""",290,,2019-05-21
238,--,Colin Schooler,Arizona,ILB,"6'0""",236,,2019-05-21
239,--,Jason Strowbridge,North Carolina,DL3T,"6'3""",285,,2019-05-21
240,--,David Reese II,Florida,ILB,"6'1""",248,,2019-05-21
241,--,Dan Moore,Texas A&M,OT,"6'5""",325,,2019-05-21
242,--,Neville Gallimore,Oklahoma,DL1T,"6'2""",330,,2019-05-21
243,--,Ben Cleveland,Georgia,OG,"6'6""",335,,2019-05-21
244,--,Tommy Townsend,Florida,P,"6'2""",183,,2019-05-21
245,--,Rashad Robinson,James Madison,CB,"5'11""",185,,2019-05-21
246,--,McKenzie Milton,UCF,QB,"5'11""",185,,2019-05-21
247,--,Khalil Brooks,Middle Tennessee,OLB,"5'11""",206,,2019-05-21
248,--,Richie Grant,UCF,S,"6'0""",194,,2019-05-21
249,--,Robert Landers,Ohio State,DL3T,"6'1""",285,,2019-05-21
250,--,Luc Bequette,California,DL5T,"6'2""",295,,2019-05-21
251,--,Tyrie Cleveland,Florida,WRF,"6'2""",206,,2019-05-21
252,--,Keisean Lucier-South,UCLA,EDGE,"6'4""",235,,2019-05-21
253,--,Bobby Roundtree,Illinois,EDGE,"6'5""",255,,2019-05-21
254,--,Leo Lewis,Mississippi State,ILB,"6'2""",245,,2019-05-21
255,--,Juju Hughes,Fresno State,S,"5'11""",188,,2019-05-21
256,--,Reggie Corbin,Illinois,RBC,"5'10""",200,,2019-05-21
257,--,Justin Polu,UNLV,OG,"6'4""",330,,2019-05-21
258,--,Cale Garrett,Missouri,ILB,"6'3""",230,,2019-05-21
259,--,Justin Jefferson,LSU,WRF,"6'2""",185,,2019-05-21
260,--,Jay Tufele,USC,DL3T,"6'3""",310,,2019-05-21
261,--,Logan Wilson,Wyoming,ILB,"6'2""",250,,2019-05-21
262,--,Dicaprio Bootle,Nebraska,CB,"5'10""",190,,2019-05-21
263,--,Kamal Martin,Minnesota,ILB,"6'3""",235,,2019-05-21
264,--,Dominik Eberle,Utah State,PK,"6'2""",195,,2019-05-21
265,--,Levi Onwuzurike,Washington,DL3T,"6'3""",282,,2019-05-21
266,--,Davion Taylor,Colorado,OLB,"6'2""",220,,2019-05-21
267,--,Jordan Williams,Clemson,DL3T,"6'4""",305,,2019-05-21
268,--,Bryan Edwards,South Carolina,WRF,"6'3""",215,,2019-05-21
269,--,Jake Verity,East Carolina,PK,"6'1""",185,,2019-05-21
270,--,Chauncey Rivers,Mississippi State,DL5T,"6'3""",275,,2019-05-21
271,--,Levante Bellamy,Western Michigan,RBC,"5'9""",185,RBF,2019-05-21
272,--,Jason Huntley,New Mexico State,RBC,"5'9""",188,,2019-05-21
273,--,Jordon Scott,Oregon,DL1T,"6'1""",329,,2019-05-21
274,--,Bravvion Roy,Baylor,DL1T,6'1,330,,2019-05-21
275,--,Marcus Norman,South Florida,OT,"6'6""",316,,2019-05-21
276,--,Breiden Fehoko,LSU,DL5T,"6'4""",291,,2019-05-21
277,--,Kylan Wilborn,Arizona,EDGE,"6'2""",248,,2019-05-21
278,--,Dane Jackson,Pitt,CB,"6'0""",190,,2019-05-21
279,--,Jake Bentley,South Carolina,QB,"6'2""",220,,2019-05-21
280,--,Luke Farrell,Ohio State,TE,"6'6""",244,,2019-05-21
281,--,De'Jon Harris,Arkansas,ILB,"6'0""",244,,2019-05-21
282,--,Blake Gillikin,Penn State,P,"6'2""",195,,2019-05-21
283,--,Jahad Woods,Washington State,OLB,"6'0""",225,,2019-05-21
284,--,Darrynton Evans,Appalachian State,RBC,"5'11""",190,,2019-05-21
285,--,Mark Gilbert,Duke,CB,"6'1""",175,,2019-05-21
286,--,Colton McKivitz,West Virginia,OT,"6'7""",312,,2019-05-21
287,--,Chase Allen,Iowa State,TE,"6'6""",240,,2019-05-21
288,--,Khaleke Hudson,Michigan,OLB,"6'0""",220,,2019-05-21
289,--,Reggie Walker,Kansas State,EDGE,"6'2""",246,,2019-05-21
290,--,Raymond Calais,LSU,RBC,"5'9""",180,,2019-05-21
291,--,Marcel Spears Jr.,Iowa State,OLB,"6'1""",215,,2019-05-21
292,--,Caleb Kelly,Oklahoma,OLB,"6'3""",231,,2019-05-21
293,--,Daniel Bituli,Tennessee,ILB,"6'3""",244,,2019-05-21
294,--,Darnay Holmes,UCLA,CB,"5'10""",198,,2019-05-21
295,--,Bryan London II,Texas State,OLB,"6'2""",232,,2019-05-21
296,--,Keandre Jones,Maryland,OLB,"6'2""",228,,2019-05-21
297,--,Luke Juriga,Western Michigan,OT,"6'4""",295,,2019-05-21
298,--,Dustin Woodard,Memphis,OG,"6'2""",285,,2019-05-21
299,--,Mike Panasiuk,Michigan State,DL3T,"6'4""",300,,2019-05-21
300,--,Kalija Lipscomb,Vanderbilt,WRF,"6'1""",200,,2019-05-21
1,--,Tua Tagovailoa,Alabama,QB,"6'1""",218,,2019-06-26
2,--,Jerry Jeudy,Alabama,WRF,"6'1""",192,,2019-06-26
3,--,Justin Herbert,Oregon,QB,"6'6""",225,,2019-06-26
4,--,Chase Young,Ohio State,EDGE,"6'5""",265,,2019-06-26
5,--,Grant Delpit,LSU,S,"6'3""",203,,2019-06-26
6,--,Andrew Thomas,Georgia,OT,"6'5""",320,,2019-06-26
7,--,A.J. Epenesa,Iowa,EDGE,"6'6""",280,DL5T,2019-06-26
8,--,Derrick Brown,Auburn,DL3T,"6'5""",318,DL1T,2019-06-26
9,--,Walker Little,Stanford,OT,"6'7""",313,,2019-06-26
10,--,Laviska Shenault,Colorado,WRF,"6'2""",220,,2019-06-26
11,--,Jake Fromm,Georgia,QB,"6'2""",220,,2019-06-26
12,--,CeeDee Lamb,Oklahoma,WRF,"6'2""",189,,2019-06-26
13,--,Isaiah Simmons,Clemson,OLB,"6'4""",225,S,2019-06-26
14,--,Tee Higgins,Clemson,WRF,"6'4""",200,,2019-06-26
15,--,C.J. Henderson,Florida,CB,"6'1""",186,,2019-06-26
16,--,Trey Adams,Washington,OT,"6'7""",315,,2019-06-26
17,--,Nick Coe,Auburn,DL5T,"6'5""",282,EDGE,2019-06-26
18,--,Jalen Reagor,TCU,WRS,"5'11""",195,,2019-06-26
19,--,Albert Okwuegbunam,Missouri,TE,"6'5""",255,,2019-06-26
20,--,Henry Ruggs III,Alabama,WRF,"6'0""",183,,2019-06-26
21,--,Dylan Moses,Alabama,ILB,"6'3""",233,,2019-06-26
22,--,Yetur Gross-Matos,Penn State,EDGE,"6'4""",262,,2019-06-26
23,--,Calvin Throckmorton,Oregon,OT,"6'5""",318,,2019-06-26
24,--,Raekwon Davis,Alabama,DL3T,"6'7""",306,,2019-06-26
25,--,Kristian Fulton,LSU,CB,"6'0""",192,,2019-06-26
26,--,Xavier McKinney,Alabama,S,"6'1""",196,,2019-06-26
27,--,Tyler Biadasz,Wisconsin,OG,"6'3""",315,OC,2019-06-26
28,--,Bryce Hall,Virginia,CB,"6'1""",200,,2019-06-26
29,--,J.K. Dobbins,Ohio State,RBF,"5'10""",214,,2019-06-26
30,--,Tylan Wallace,Oklahoma State,WRF,"6'0""",185,,2019-06-26
31,--,Travis Etienne,Clemson,RBF,"5'10""",200,,2019-06-26
32,--,Terrell Lewis,Alabama,EDGE,"6'5""",255,,2019-06-26
33,--,Trevon Diggs,Alabama,CB,"6'2""",200,,2019-06-26
34,--,Trey Smith,Tennessee,OT,"6'6""",337,OG,2019-06-26
35,--,Jonathan Taylor,Wisconsin,RBF,"5'11""",215,,2019-06-26
36,--,Donovan Peoples-Jones,Michigan,WRF,"6'2""",208,,2019-06-26
37,--,Jaylon Johnson,Utah,CB,"6'0""",190,,2019-06-26
38,--,LaBryan Ray,Alabama,DL5T,"6'5""",285,,2019-06-26
39,--,T.J. McCoy,Louisville,OC,"6'1""",315,,2019-06-26
40,--,Richard LeCounte,Georgia,S,"5'11""",190,,2019-06-26
41,--,Michael Divinity Jr.,LSU,OLB,"6'2""",238,,2019-06-26
42,--,Shaquille Quarterman,Miami (FL),ILB,"6'1""",240,,2019-06-26
43,--,Jacob Eason,Washington,QB,"6'6""",228,,2019-06-26
44,--,Jacob Phillips,LSU,ILB,"6'4""",229,,2019-06-26
45,--,Jake Breeland,Oregon,TE,"6'5""",240,,2019-06-26
46,--,Kenny Willekes,Michigan State,EDGE,"6'4""",260,,2019-06-26
47,--,T.J. Vasher,Texas Tech,WRF,"6'6""",190,,2019-06-26
48,--,Collin Johnson,Texas,WRF,"6'6""",220,,2019-06-26
49,--,Tommy Kraemer,Notre Dame,OG,"6'6""",319,,2019-06-26
50,--,Rashard Lawrence,LSU,DL1T,"6'3""",317,DL3T,2019-06-26
51,--,Eno Benjamin,Arizona State,RBF,"5'10""",201,,2019-06-26
52,--,Mekhi Becton,Louisville,OT,"6'7""",355,,2019-06-26
53,--,Khalid Kareem,Notre Dame,EDGE,"6'4""",265,,2019-06-26
54,--,Shea Patterson,Michigan,QB,"6'2""",200,,2019-06-26
55,--,Liam Eichenberg,Notre Dame,OT,"6'6""",305,,2019-06-26
56,--,Alex Leatherwood,Alabama,OG,"6'6""",304,OT,2019-06-26
57,--,Anfernee Jennings,Alabama,EDGE,"6'3""",259,OLB,2019-06-26
58,--,Brandon Jones,Texas,S,"6'0""",210,,2019-06-26
59,--,J.R. Reed,Georgia,S,"6'1""",194,,2019-06-26
60,--,Najee Harris,Alabama,RBF,"6'2""",230,,2019-06-26
61,--,A.J. Terrell,Clemson,CB,"6'2""",190,,2019-06-26
62,--,Michael Pinckney,Miami (FL),OLB,"6'1""",220,,2019-06-26
63,--,Darryl Williams,Mississippi State,OC,"6'2""",310,,2019-06-26
64,--,Steven Montez,Colorado,QB,"6'5""",230,,2019-06-26
65,--,Jalen Thompson,Washington State,S,"6'0""",190,,2019-06-26
66,--,Ben Bredeson,Michigan,OG,"6'5""",320,,2019-06-26
67,--,Tarik Black,Michigan,WRF,"6'3""",215,,2019-06-26
68,--,Zack Moss,Utah,RBF,"5'10""",210,,2019-06-26
69,--,K.J. Hill,Ohio State,WRF,"6'0""",195,,2019-06-26
70,--,Jeffrey Okudah,Ohio State,CB,"6'1""",200,,2019-06-26
71,--,Curtis Weaver,Boise State,EDGE,"6'3""",266,,2019-06-26
72,--,Lavert Hill,Michigan,CB,"5'11""",181,,2019-06-26
73,--,Willie Gay Jr.,Mississippi State,OLB,"6'2""",235,,2019-06-26
74,--,Julian Okwara,Notre Dame,EDGE,"6'5""",241,,2019-06-26
75,--,Justin Madubuike,Texas A&M,DL3T,"6'3""",304,,2019-06-26
76,--,Alton Robinson,Syracuse,EDGE,"6'4""",257,,2019-06-26
77,--,Troy Dye,Oregon,ILB,"6'4""",224,,2019-06-26
78,--,Jordan Fuller,Ohio State,S,"6'2""",205,,2019-06-26
79,--,DeVonta Smith,Alabama,WRF,"6'1""",193,,2019-06-26
80,--,Malik Harrison,Ohio State,ILB,"6'3""",245,,2019-06-26
81,--,Cam Akers,Florida State,RBF,"5'11""",210,,2019-06-26
82,--,D'Andre Swift,Georgia,RBC,"5'9""",215,,2019-06-26
83,--,Saahdiq Charles,LSU,OT,"6'5""",305,,2019-06-26
84,--,K.J. Costello,Stanford,QB,"6'5""",215,,2019-06-26
85,--,Dontavious Jackson,Florida State,ILB,"6'3""",233,,2019-06-26
86,--,Anthony Hines,Texas A&M,OLB,"6'3""",226,,2019-06-26
87,--,Javon Kinlaw,South Carolina,DL3T,"6'6""",302,,2019-06-26
88,--,Tremayne Anchrum,Clemson,OG,"6'2""",310,,2019-06-26
89,--,Prince Tega Wanogho,Auburn,OT,"6'7""",310,,2019-06-26
90,--,Shyheim Carter,Alabama,CB,"6'0""",195,,2019-06-26
91,--,A.J. Dillon,Boston College,RBF,"6'0""",245,,2019-06-26
92,--,Marvin Wilson,Florida State,DL1T,"6'5""",314,DL3T,2019-06-26
93,--,Matt Hennessy,Temple,OC,"6'4""",295,,2019-06-26
94,--,Paddy Fisher,Northwestern,ILB,"6'4""",241,,2019-06-26
95,--,K'Lavon Chaisson,LSU,OLB,"6'4""",238,EDGE,2019-06-26
96,--,David Dowell,Michigan State,S,"6'1""",205,,2019-06-26
97,--,Marlon Davidson,Auburn,DL5T,"6'3""",278,,2019-06-26
98,--,Marquez Callaway,Tennessee,WRF,"6'2""",200,,2019-06-26
99,--,Trystan Colon-Castillo,Missouri,OC,"6'4""",315,,2019-06-26
100,--,Kenneth Murray,Oklahoma,OLB,"6'2""",238,,2019-06-26
101,--,Chubba Hubbard,Oklahoma State,RBF,"6'1""",207,,2019-06-26
102,--,Colby Parkinson,Stanford,TE,"6'7""",240,,2019-06-26
103,--,Joe Bachie,Michigan State,ILB,"6'2""",238,,2019-06-26
104,--,Jon Runyan,Michigan,OG,"6'5""",310,OT,2019-06-26
105,--,Alaric Jackson,Iowa,OT,"6'6""",320,,2019-06-26
106,--,Mike Hampton,South Florida,CB,"6'1""",180,,2019-06-26
107,--,Jalen Hurts,Oklahoma,QB,"6'2""",210,,2019-06-26
108,--,Glen Logan,LSU,DL5T,"6'4""",297,,2019-06-26
109,--,Grant Calcaterra,Oklahoma,TE,"6'4""",221,,2019-06-26
110,--,Tuf Borland,Ohio State,ILB,"6'1""",230,,2019-06-26
111,--,Chase Lucas,Arizona State,CB,"6'0""",175,,2019-06-26
112,--,Darrell Taylor,Tennessee,EDGE,"6'4""",247,,2019-06-26
113,--,Ke'Shawn Vaughn,Vanderbilt,RBF,"5'10""",215,,2019-06-26
114,--,J.J. Taylor,Arizona,RBC,"5'6""",184,,2019-06-26
115,--,Solomon Kindley,Georgia,OG,"6'4""",335,,2019-06-26
116,--,Alohi Gilman,Notre Dame,S,"5'11""",201,,2019-06-26
117,--,McTelvin Agim,Arkansas,DL5T,"6'3""",279,,2019-06-26
118,--,Britain Covey,Utah,WRS,"5'8""",170,,2019-06-26
119,--,Jonathan Garvin,Miami (FL),EDGE,"6'4""",250,,2019-06-26
120,--,Sean Pollard,Clemson,OG,"6'5""",320,,2019-06-26
121,--,Brian Lewerke,Michigan State,QB,"6'3""",214,,2019-06-26
122,--,Julian Rochester,Georgia,DL3T,"6'5""",300,,2019-06-26
123,--,T.J. Carter,Memphis,CB,"5'11""",180,,2019-06-26
124,--,Jake Hanson,Oregon,OC,"6'5""",297,,2019-06-26
125,--,Lucas Niang,TCU,OT,"6'7""",328,,2019-06-26
126,--,Chase Claypool,Notre Dame,WRF,"6'4""",227,,2019-06-26
127,--,Jonathon Cooper,Ohio State,EDGE,"6'4""",257,,2019-06-26
128,--,Jared Pinkney,Vanderbilt,TE,"6'4""",255,,2019-06-26
129,--,Demetris Robertson,Georgia,WRF,"6'0""",190,,2019-06-26
130,--,Julian Blackmon,Utah,S,"6'1""",195,,2019-06-26
131,--,Mitchell Wilcox,South Florida,TE,"6'5""",245,,2019-06-26
132,--,Erroll Thompson,Mississippi State,ILB,"6'1""",250,,2019-06-26
133,--,Damon Arnette,Ohio State,CB,"6'0""",195,,2019-06-26
134,--,Michael Warren II,Cincinnati,RBF,"5'11""",218,,2019-06-26
135,--,Levonta Taylor,Florida State,CB,"5'10""",181,,2019-06-26
136,--,Josh Kaindoh,Florida State,EDGE,"6'7""",261,,2019-06-26
137,--,Luke Campbell,Michigan State,OT,"6'5""",302,,2019-06-26
138,--,Denzel Mims,Baylor,WRF,"6'3""",197,,2019-06-26
139,--,Jeffrey McCulloch,Texas,ILB,"6'3""",245,,2019-06-26
140,--,Jabari Zuniga,Florida,EDGE,"6'4""",257,,2019-06-26
141,--,Zack Shackelford,Texas,OC,"6'4""",305,,2019-06-26
142,--,Larry Rountree III,Missouri,RBF,"5'10""",210,,2019-06-26
143,--,Shane Lemieux,Oregon,OG,"6'4""",317,,2019-06-26
144,--,Carter Coughlin,Minnesota,OLB,"6'4""",245,EDGE,2019-06-26
145,--,Kelvin Jarvis,Michigan State,OG,"6'4""",317,,2019-06-26
146,--,Anthony McFarland Jr.,Maryland,RBC,"5'8""",193,,2019-06-26
147,--,Benito Jones,Ole Miss,DL1T,"6'1""",326,,2019-06-26
148,--,Antoine Brooks Jr.,Maryland,S,"5'11""",210,,2019-06-26
149,--,Corey Bethley,TCU,DL3T,"6'2""",290,,2019-06-26
150,--,Nigel Warrior,Tennessee,S,"6'0""",191,,2019-06-26
151,--,Rodney Smith,Minnesota,RBF,"5'11""",210,,2019-06-26
152,--,Christian Rector,USC,EDGE,"6'4""",275,,2019-06-26
153,--,Greg Eiland,Mississippi State,OT,"6'8""",335,,2019-06-26
154,--,Tyler Vaughns,USC,WRF,"6'2""",185,,2019-06-26
155,--,Nate Stanley,Iowa,QB,"6'4""",243,,2019-06-26
156,--,Harrison Bryant,Florida Atlantic,TE,"6'5""",240,,2019-06-26
157,--,Mustafa Johnson,Colorado,DL3T,"6'2""",290,,2019-06-26
158,--,DeMarkus Acy,Missouri,CB,"6'2""",195,,2019-06-26
159,--,Sam Ehlinger,Texas,QB,"6'3""",235,,2019-06-26
160,--,Isaiahh Loudermilk,Wisconsin,DL5T,"6'7""",306,,2019-06-26
161,--,Lamical Perine,Florida,RBF,"5'11""",227,,2019-06-26
162,--,Rayshard Ashby,Virginia Tech,ILB,"5'10""",230,,2019-06-26
163,--,Tristan Wirfs,Iowa,OT,"6'5""",320,,2019-06-26
164,--,Krys Barnes,UCLA,ILB,"6'1""",235,,2019-06-26
165,--,Reggie Floyd,Virginia Tech,S,"6'0""",222,,2019-06-26
166,--,Steven Gonzalez,Penn State,OG,"6'4""",349,,2019-06-26
167,--,Lorenzo Neal,Purdue,DL3T,"6'3""",315,,2019-06-26
168,--,Tre'Vour Wallace-Simms,Missouri,OG,"6'5""",330,,2019-06-26
169,--,Joe Gaziano,Northwestern,DL5T,"6'4""",275,,2019-06-26
170,--,Scottie Phillips,Ole Miss,RBC,"5'8""",212,,2019-06-26
171,--,Dylan Singleton,Duke,S,"5'11""",190,,2019-06-26
172,--,Pete Werner,Ohio State,ILB,"6'3""",236,,2019-06-26
173,--,Theo Howard,UCLA,WRF,"6'0""",182,,2019-06-26
174,--,D'Eriq King,Houston,QB,"5'11""",195,,2019-06-26
175,--,Marlon Tuipulotu,USC,DL3T,"6'3""",305,,2019-06-26
176,--,Joshua Kelley,UCLA,RBC,"5'11""",204,,2019-06-26
177,--,Khalil Davis,Nebraska,DL1T,"6'2""",310,,2019-06-26
178,--,Essang Bassey,Wake Forest,CB,"6'10""",190,,2019-06-26
179,--,Josh Uche,Michigan,OLB,"6'3""",238,,2019-06-26
180,--,Paulson Adedo,Stanford,CB,"6'1""",189,,2019-06-26
181,--,Zach Robertson,Arizona State,OT,"6'5""",335,OG,2019-06-26
182,--,Robert Windsor,Penn State,DL3T,"6'4""",289,,2019-06-26
183,--,Jared Rice,Fresno State,TE,"6'5""",238,,2019-06-26
184,--,Richard Moore,SMU,OLB,"6'0""",230,,2019-06-26
185,--,Kenny Cooper,Georgia Tech,OC,"6'2""",305,,2019-06-26
186,--,Jordan Elliott,Missouri,DL3T,"6'4""",315,,2019-06-26
187,--,Mohamed Barry,Nebraska,ILB,"6'1""",230,,2019-06-26
188,--,Nyles Pinckney,Clemson,DL3T,"6'1""",305,,2019-06-26
189,--,Patrick Johnson,Tulane,EDGE,"6'3""",255,,2019-06-26
190,--,Braden Mann,Texas A&M,P,"5'11""",195,,2019-06-26
191,--,Tavien Feaster,Clemson,RBF,"5'11""",220,,2019-06-26
192,--,Dalton Keene,Virginia Tech,TE,"6'4""",246,,2019-06-26
193,--,Juwan Washington,San Diego State,RBC,"5'7""",190,,2019-06-26
194,--,Nick Westbrook,Indiana,WRF,"6'3""",216,,2019-06-26
195,--,Tommy Townsend,Florida,P,"6'2""",183,,2019-06-26
196,--,James Proche,SMU,WRS,"5'11""",190,,2019-06-26
197,--,Evan Weaver,California,ILB,"6'3""",245,,2019-06-26
198,--,Kellen Mond,Texas A&M,QB,"6'2""",217,,2019-06-26
199,--,K'Von Wallace,Clemson,S,"5'11""",210,,2019-06-26
200,--,Scott Frantz,Kansas State,OT,"6'5""",303,,2019-06-26
201,--,Daelin Hayes,Notre Dame,DL5T,"6'4""",268,,2019-06-26
202,--,Scott Lashley,Alabama,OT,"6'7""",307,,2019-06-26
203,--,Kenny Robinson Jr.,West Virginia,S,"6'2""",202,,2019-06-26
204,--,Jordan Cronkrite,South Florida,RBF,"5'11""",207,,2019-06-26
205,--,Tedarrell Slaton,Florida,DL1T,"6'5""",343,,2019-06-26
206,--,Tyler Johnson,Minnesota,WRF,"6'2""",200,,2019-06-26
207,--,Kiel Pollard,South Carolina,FB,"6'1""",235,,2019-06-26
208,--,Cam Brown,Penn State,ILB,"6'5""",230,,2019-06-26
209,--,Raequan Williams,Michigan State,DL3T,"6'4""",298,,2019-06-26
210,--,Neville Gallimore,Oklahoma,DL1T,"6'2""",330,,2019-06-26
211,--,Thomas Graham Jr.,Oregon,CB,"5'11""",191,,2019-06-26
212,--,Josiah Scott,Michigan State,CB,"5'10""",168,,2019-06-26
213,--,Marcus Keyes,Oklahoma State,OG,"6'3""",309,,2019-06-26
214,--,Cameron Dantzler,Mississippi State,CB,"6'2""",185,,2019-06-26
215,--,Trey Sermon,Oklahoma,RBF,"6'0""",224,,2019-06-26
216,--,Leki Fotu,Utah,DL1T,"6'5""",330,,2019-06-26
217,--,Feleipe Franks,Florida,QB,"6'6""",240,,2019-06-26
218,--,Tyler Clark,Georgia,DL1T,"6'4""",300,,2019-06-26
219,--,Cohl Cabral,Arizona State,OC,"6'5""",291,,2019-06-26
220,--,Jet Toner,Stanford,PK,"6'4""",201,,2019-06-26
221,--,T.J. Brunson,South Carolina,ILB,"6'0""",230,,2019-06-26
222,--,Dante Olson,Montana,ILB,"6'3""",237,,2019-06-26
223,--,Patrick Queen,LSU,ILB,"6'2""",232,,2019-06-26
224,--,Kennedy McKoy,West Virginia,RBC,"6'0""",198,,2019-06-26
225,--,Blake Gillikin,Penn State,P,"6'2""",195,,2019-06-26
226,--,Rashad Robinson,James Madison,CB,"5'11""",185,,2019-06-26
227,--,Logan Stenberg,Kentucky,OG,"6'6""",326,,2019-06-26
228,--,Jordon Scott,Oregon,DL1T,"6'1""",329,,2019-06-26
229,--,Richie Grant,UCF,S,"6'0""",194,,2019-06-26
230,--,Levi Onwuzurike,Washington,DL3T,"6'3""",282,,2019-06-26
231,--,Luc Bequette,California,DL5T,"6'2""",295,,2019-06-26
232,--,Bobby Roundtree,Illinois,EDGE,"6'5""",255,,2019-06-26
233,--,David Reese II,Florida,ILB,"6'1""",248,,2019-06-26
234,--,Josiah Deguara,Cincinnati,TE,"6'3""",240,,2019-06-26
235,--,Jason Strowbridge,North Carolina,DL3T,"6'3""",285,,2019-06-26
236,--,Khalil Brooks,Middle Tennessee,OLB,"5'11""",206,,2019-06-26
237,--,Dicaprio Bootle,Nebraska,CB,"5'10""",190,,2019-06-26
238,--,Jordan Williams,Clemson,DL3T,"6'4""",305,,2019-06-26
239,--,Reggie Corbin,Illinois,RBC,"5'10""",200,,2019-06-26
240,--,Davion Taylor,Colorado,OLB,"6'2""",220,,2019-06-26
241,--,Dominik Eberle,Utah State,PK,"6'2""",195,,2019-06-26
242,--,Darrynton Evans,Appalachian State,RBC,"5'11""",190,,2019-06-26
243,--,Colin Schooler,Arizona,ILB,"6'0""",236,,2019-06-26
244,--,Tyrie Cleveland,Florida,WRF,"6'2""",206,,2019-06-26
245,--,Rashad Weaver,Pitt,EDGE,"6'5""",260,,2019-06-26
246,--,Jason Huntley,New Mexico State,RBC,"5'9""",188,,2019-06-26
247,--,Jake Verity,East Carolina,PK,"6'1""",185,,2019-06-26
248,--,Keisean Lucier-South,UCLA,EDGE,"6'4""",235,,2019-06-26
249,--,Chauncey Rivers,Mississippi State,DL5T,"6'3""",275,,2019-06-26
250,--,Kylan Wilborn,Arizona,EDGE,"6'2""",248,,2019-06-26
251,--,McKenzie Milton,UCF,QB,"5'11""",185,,2019-06-26
252,--,Justin Jefferson,LSU,WRF,"6'2""",185,,2019-06-26
253,--,Levante Bellamy,Western Michigan,RBC,"5'9""",185,RBF,2019-06-26
254,--,Bravvion Roy,Baylor,DL1T,6'1,330,,2019-06-26
255,--,Ryan McCollum,Texas A&M,OC,"6'5""",305,,2019-06-26
256,--,De'Jon Harris,Arkansas,ILB,"6'0""",244,,2019-06-26
257,--,Dane Jackson,Pitt,CB,"6'0""",190,,2019-06-26
258,--,Jay Tufele,USC,DL3T,"6'3""",310,,2019-06-26
259,--,Leo Lewis,Mississippi State,ILB,"6'2""",245,,2019-06-26
260,--,Kamal Martin,Minnesota,ILB,"6'3""",235,,2019-06-26
261,--,Jake Bentley,South Carolina,QB,"6'2""",220,,2019-06-26
262,--,Khaleke Hudson,Michigan,OLB,"6'0""",220,,2019-06-26
263,--,Logan Wilson,Wyoming,ILB,"6'2""",250,,2019-06-26
264,--,Juju Hughes,Fresno State,S,"5'11""",188,,2019-06-26
265,--,Luke Farrell,Ohio State,TE,"6'6""",244,,2019-06-26
266,--,Raymond Calais,LSU,RBC,"5'9""",180,,2019-06-26
267,--,Daniel Bituli,Tennessee,ILB,"6'3""",244,,2019-06-26
268,--,Marcel Spears Jr.,Iowa State,OLB,"6'1""",215,,2019-06-26
269,--,Colton Jackson,Arkansas,OT,"6'5""",301,,2019-06-26
270,--,Damonte Coxie,Memphis,WRF,"6'3""",200,,2019-06-26
271,--,Chase Allen,Iowa State,TE,"6'6""",240,,2019-06-26
272,--,Robert Landers,Ohio State,DL3T,"6'1""",285,,2019-06-26
273,--,Quincy Roche,Temple,EDGE,"6'4""",235,,2019-06-26
274,--,Kalija Lipscomb,Vanderbilt,WRF,"6'1""",200,,2019-06-26
275,--,Bryan Edwards,South Carolina,WRF,"6'3""",215,,2019-06-26
276,--,Brendon Hayes,UCF,DL5T,"6'3""",293,,2019-06-26
277,--,Mark Gilbert,Duke,CB,"6'1""",175,,2019-06-26
278,--,Sage Lewis,Florida International,ILB,"6'1""",240,,2019-06-26
279,--,Reggie Walker,Kansas State,EDGE,"6'2""",246,,2019-06-26
280,--,Cale Garrett,Missouri,ILB,"6'3""",230,,2019-06-26
281,--,Damar Hamlin,Pitt,S,"6'1""",195,,2019-06-26
282,--,Benny LeMay,Charlotte,RBF,"6'0""",218,,2019-06-26
283,--,Darnay Holmes,UCLA,CB,"5'10""",198,,2019-06-26
284,--,Kendall Coleman,Syracuse,EDGE,"6'3""",266,,2019-06-26
285,--,Malik Herring,Georgia,DL5T,"6'3""",280,,2019-06-26
286,--,Nevelle Clarke,UCF,CB,"6'1""",187,,2019-06-26
287,--,Michael Onwenu,Michigan,OG,"6'3""",365,,2019-06-26
288,--,Jahad Woods,Washington State,OLB,"6'0""",225,,2019-06-26
289,--,Myles Bryant,Washington,CB,"5'9""",184,,2019-06-26
290,--,Caleb Kelly,Oklahoma,OLB,"6'3""",231,,2019-06-26
291,--,Kyle Penniston,Rutgers,TE,"6'4""",243,,2019-06-26
292,--,Blake Brandel,Oregon State,OT,"6'7""",303,,2019-06-26
293,--,Marquez Stevenson,Houston,WRF,"6'0""",190,,2019-06-26
294,--,Christian Albright,Ball State,OLB,"6'2""",233,,2019-06-26
295,--,Charles Snowden,Virginia,EDGE,"6'7""",225,,2019-06-26
296,--,Mike Panasiuk,Michigan State,DL3T,"6'4""",300,,2019-06-26
297,--,Keandre Jones,Maryland,OLB,"6'2""",228,,2019-06-26
298,--,Greg Eisworth,Iowa State,CB,"6'0""",198,,2019-06-26
299,--,Ben Petrula,Boston College,OT,"6'5""",310,,2019-06-26
300,--,Damon Hazelton,Virginia Tech,WRF,"6'2""",222,,2019-06-26
1,--,Tua Tagovailoa,Alabama,QB,"6'1""",218,,2019-07-10
2,--,Jerry Jeudy,Alabama,WRF,"6'1""",192,,2019-07-10
3,--,Justin Herbert,Oregon,QB,"6'6""",225,,2019-07-10
4,--,Chase Young,Ohio State,EDGE,"6'5""",265,,2019-07-10
5,--,Grant Delpit,LSU,S,"6'3""",203,,2019-07-10
6,--,Andrew Thomas,Georgia,OT,"6'5""",320,,2019-07-10
7,--,A.J. Epenesa,Iowa,EDGE,"6'6""",280,DL5T,2019-07-10
8,--,Derrick Brown,Auburn,DL3T,"6'5""",318,DL1T,2019-07-10
9,--,Walker Little,Stanford,OT,"6'7""",313,,2019-07-10
10,--,Laviska Shenault,Colorado,WRF,"6'2""",220,,2019-07-10
11,--,Jake Fromm,Georgia,QB,"6'2""",220,,2019-07-10
12,--,CeeDee Lamb,Oklahoma,WRF,"6'2""",189,,2019-07-10
13,--,Isaiah Simmons,Clemson,OLB,"6'4""",225,S,2019-07-10
14,--,Tee Higgins,Clemson,WRF,"6'4""",200,,2019-07-10
15,--,C.J. Henderson,Florida,CB,"6'1""",186,,2019-07-10
16,--,Trey Adams,Washington,OT,"6'7""",315,,2019-07-10
17,--,Nick Coe,Auburn,DL5T,"6'5""",282,EDGE,2019-07-10
18,--,Jalen Reagor,TCU,WRS,"5'11""",195,,2019-07-10
19,--,Albert Okwuegbunam,Missouri,TE,"6'5""",255,,2019-07-10
20,--,Henry Ruggs III,Alabama,WRF,"6'0""",183,,2019-07-10
21,--,Dylan Moses,Alabama,ILB,"6'3""",233,,2019-07-10
22,--,Yetur Gross-Matos,Penn State,EDGE,"6'4""",262,,2019-07-10
23,--,Calvin Throckmorton,Oregon,OT,"6'5""",318,,2019-07-10
24,--,Raekwon Davis,Alabama,DL3T,"6'7""",306,,2019-07-10
25,--,Kristian Fulton,LSU,CB,"6'0""",192,,2019-07-10
26,--,Xavier McKinney,Alabama,S,"6'1""",196,,2019-07-10
27,--,Tyler Biadasz,Wisconsin,OG,"6'3""",315,OC,2019-07-10
28,--,Bryce Hall,Virginia,CB,"6'1""",200,,2019-07-10
29,--,J.K. Dobbins,Ohio State,RBF,"5'10""",214,,2019-07-10
30,--,Tylan Wallace,Oklahoma State,WRF,"6'0""",185,,2019-07-10
31,--,Travis Etienne,Clemson,RBF,"5'10""",200,,2019-07-10
32,--,Terrell Lewis,Alabama,EDGE,"6'5""",255,,2019-07-10
33,--,Trevon Diggs,Alabama,CB,"6'2""",200,,2019-07-10
34,--,Trey Smith,Tennessee,OT,"6'6""",337,OG,2019-07-10
35,--,Jonathan Taylor,Wisconsin,RBF,"5'11""",215,,2019-07-10
36,--,Donovan Peoples-Jones,Michigan,WRF,"6'2""",208,,2019-07-10
37,--,Jaylon Johnson,Utah,CB,"6'0""",190,,2019-07-10
38,--,LaBryan Ray,Alabama,DL5T,"6'5""",285,,2019-07-10
39,--,T.J. McCoy,Louisville,OC,"6'1""",315,,2019-07-10
40,--,Richard LeCounte,Georgia,S,"5'11""",190,,2019-07-10
41,--,Michael Divinity Jr.,LSU,OLB,"6'2""",238,,2019-07-10
42,--,Shaquille Quarterman,Miami (FL),ILB,"6'1""",240,,2019-07-10
43,--,Jacob Eason,Washington,QB,"6'6""",228,,2019-07-10
44,--,Jacob Phillips,LSU,ILB,"6'4""",229,,2019-07-10
45,--,Jake Breeland,Oregon,TE,"6'5""",240,,2019-07-10
46,--,Kenny Willekes,Michigan State,EDGE,"6'4""",260,,2019-07-10
47,--,T.J. Vasher,Texas Tech,WRF,"6'6""",190,,2019-07-10
48,--,Collin Johnson,Texas,WRF,"6'6""",220,,2019-07-10
49,--,Tommy Kraemer,Notre Dame,OG,"6'6""",319,,2019-07-10
50,--,Rashard Lawrence,LSU,DL1T,"6'3""",317,DL3T,2019-07-10
51,--,Eno Benjamin,Arizona State,RBF,"5'10""",201,,2019-07-10
52,--,Mekhi Becton,Louisville,OT,"6'7""",355,,2019-07-10
53,--,Khalid Kareem,Notre Dame,EDGE,"6'4""",265,,2019-07-10
54,--,Shea Patterson,Michigan,QB,"6'2""",200,,2019-07-10
55,--,Liam Eichenberg,Notre Dame,OT,"6'6""",305,,2019-07-10
56,--,Alex Leatherwood,Alabama,OG,"6'6""",304,OT,2019-07-10
57,--,Anfernee Jennings,Alabama,EDGE,"6'3""",259,OLB,2019-07-10
58,--,Brandon Jones,Texas,S,"6'0""",210,,2019-07-10
59,--,J.R. Reed,Georgia,S,"6'1""",194,,2019-07-10
60,--,Najee Harris,Alabama,RBF,"6'2""",230,,2019-07-10
61,--,A.J. Terrell,Clemson,CB,"6'2""",190,,2019-07-10
62,--,Michael Pinckney,Miami (FL),OLB,"6'1""",220,,2019-07-10
63,--,Darryl Williams,Mississippi State,OC,"6'2""",310,,2019-07-10
64,--,Steven Montez,Colorado,QB,"6'5""",230,,2019-07-10
65,--,Ben Bredeson,Michigan,OG,"6'5""",320,,2019-07-10
66,--,Tarik Black,Michigan,WRF,"6'3""",215,,2019-07-10
67,--,Zack Moss,Utah,RBF,"5'10""",210,,2019-07-10
68,--,K.J. Hill,Ohio State,WRF,"6'0""",195,,2019-07-10
69,--,Jeffrey Okudah,Ohio State,CB,"6'1""",200,,2019-07-10
70,--,Curtis Weaver,Boise State,EDGE,"6'3""",266,,2019-07-10
71,--,Lavert Hill,Michigan,CB,"5'11""",181,,2019-07-10
72,--,Willie Gay Jr.,Mississippi State,OLB,"6'2""",235,,2019-07-10
73,--,Julian Okwara,Notre Dame,EDGE,"6'5""",241,,2019-07-10
74,--,Justin Madubuike,Texas A&M,DL3T,"6'3""",304,,2019-07-10
75,--,Alton Robinson,Syracuse,EDGE,"6'4""",257,,2019-07-10
76,--,Troy Dye,Oregon,ILB,"6'4""",224,,2019-07-10
77,--,Jordan Fuller,Ohio State,S,"6'2""",205,,2019-07-10
78,--,DeVonta Smith,Alabama,WRF,"6'1""",193,,2019-07-10
79,--,Malik Harrison,Ohio State,ILB,"6'3""",245,,2019-07-10
80,--,Cam Akers,Florida State,RBF,"5'11""",210,,2019-07-10
81,--,D'Andre Swift,Georgia,RBC,"5'9""",215,,2019-07-10
82,--,Saahdiq Charles,LSU,OT,"6'5""",305,,2019-07-10
83,--,K.J. Costello,Stanford,QB,"6'5""",215,,2019-07-10
84,--,Dontavious Jackson,Florida State,ILB,"6'3""",233,,2019-07-10
85,--,Anthony Hines,Texas A&M,OLB,"6'3""",226,,2019-07-10
86,--,Javon Kinlaw,South Carolina,DL3T,"6'6""",302,,2019-07-10
87,--,Tremayne Anchrum,Clemson,OG,"6'2""",310,,2019-07-10
88,--,Prince Tega Wanogho,Auburn,OT,"6'7""",310,,2019-07-10
89,--,Shyheim Carter,Alabama,CB,"6'0""",195,,2019-07-10
90,--,A.J. Dillon,Boston College,RBF,"6'0""",245,,2019-07-10
91,--,Marvin Wilson,Florida State,DL1T,"6'5""",314,DL3T,2019-07-10
92,--,Matt Hennessy,Temple,OC,"6'4""",295,,2019-07-10
93,--,Paddy Fisher,Northwestern,ILB,"6'4""",241,,2019-07-10
94,--,K'Lavon Chaisson,LSU,OLB,"6'4""",238,EDGE,2019-07-10
95,--,David Dowell,Michigan State,S,"6'1""",205,,2019-07-10
96,--,Marlon Davidson,Auburn,DL5T,"6'3""",278,,2019-07-10
97,--,Marquez Callaway,Tennessee,WRF,"6'2""",200,,2019-07-10
98,--,Trystan Colon-Castillo,Missouri,OC,"6'4""",315,,2019-07-10
99,--,Kenneth Murray,Oklahoma,OLB,"6'2""",238,,2019-07-10
100,--,Chubba Hubbard,Oklahoma State,RBF,"6'1""",207,,2019-07-10
101,--,Colby Parkinson,Stanford,TE,"6'7""",240,,2019-07-10
102,--,Joe Bachie,Michigan State,ILB,"6'2""",238,,2019-07-10
103,--,Jon Runyan,Michigan,OG,"6'5""",310,OT,2019-07-10
104,--,Alaric Jackson,Iowa,OT,"6'6""",320,,2019-07-10
105,--,Mike Hampton,South Florida,CB,"6'1""",180,,2019-07-10
106,--,Jalen Hurts,Oklahoma,QB,"6'2""",210,,2019-07-10
107,--,Glen Logan,LSU,DL5T,"6'4""",297,,2019-07-10
108,--,Grant Calcaterra,Oklahoma,TE,"6'4""",221,,2019-07-10
109,--,Tuf Borland,Ohio State,ILB,"6'1""",230,,2019-07-10
110,--,Chase Lucas,Arizona State,CB,"6'0""",175,,2019-07-10
111,--,Darrell Taylor,Tennessee,EDGE,"6'4""",247,,2019-07-10
112,--,Ke'Shawn Vaughn,Vanderbilt,RBF,"5'10""",215,,2019-07-10
113,--,J.J. Taylor,Arizona,RBC,"5'6""",184,,2019-07-10
114,--,Solomon Kindley,Georgia,OG,"6'4""",335,,2019-07-10
115,--,Alohi Gilman,Notre Dame,S,"5'11""",201,,2019-07-10
116,--,McTelvin Agim,Arkansas,DL5T,"6'3""",279,,2019-07-10
117,--,Britain Covey,Utah,WRS,"5'8""",170,,2019-07-10
118,--,Jonathan Garvin,Miami (FL),EDGE,"6'4""",250,,2019-07-10
119,--,Sean Pollard,Clemson,OG,"6'5""",320,,2019-07-10
120,--,Brian Lewerke,Michigan State,QB,"6'3""",214,,2019-07-10
121,--,Julian Rochester,Georgia,DL3T,"6'5""",300,,2019-07-10
122,--,T.J. Carter,Memphis,CB,"5'11""",180,,2019-07-10
123,--,Jake Hanson,Oregon,OC,"6'5""",297,,2019-07-10
124,--,Lucas Niang,TCU,OT,"6'7""",328,,2019-07-10
125,--,Chase Claypool,Notre Dame,WRF,"6'4""",227,,2019-07-10
126,--,Jonathon Cooper,Ohio State,EDGE,"6'4""",257,,2019-07-10
127,--,Jared Pinkney,Vanderbilt,TE,"6'4""",255,,2019-07-10
128,--,Demetris Robertson,Georgia,WRF,"6'0""",190,,2019-07-10
129,--,Julian Blackmon,Utah,S,"6'1""",195,,2019-07-10
130,--,Mitchell Wilcox,South Florida,TE,"6'5""",245,,2019-07-10
131,--,Erroll Thompson,Mississippi State,ILB,"6'1""",250,,2019-07-10
132,--,Damon Arnette,Ohio State,CB,"6'0""",195,,2019-07-10
133,--,Michael Warren II,Cincinnati,RBF,"5'11""",218,,2019-07-10
134,--,Levonta Taylor,Florida State,CB,"5'10""",181,,2019-07-10
135,--,Josh Kaindoh,Florida State,EDGE,"6'7""",261,,2019-07-10
136,--,Luke Campbell,Michigan State,OT,"6'5""",302,,2019-07-10
137,--,Denzel Mims,Baylor,WRF,"6'3""",197,,2019-07-10
138,--,Jeffrey McCulloch,Texas,ILB,"6'3""",245,,2019-07-10
139,--,Jabari Zuniga,Florida,EDGE,"6'4""",257,,2019-07-10
140,--,Zack Shackelford,Texas,OC,"6'4""",305,,2019-07-10
141,--,Larry Rountree III,Missouri,RBF,"5'10""",210,,2019-07-10
142,--,Shane Lemieux,Oregon,OG,"6'4""",317,,2019-07-10
143,--,Carter Coughlin,Minnesota,OLB,"6'4""",245,EDGE,2019-07-10
144,--,Kelvin Jarvis,Michigan State,OG,"6'4""",317,,2019-07-10
145,--,Anthony McFarland Jr.,Maryland,RBC,"5'8""",193,,2019-07-10
146,--,Benito Jones,Ole Miss,DL1T,"6'1""",326,,2019-07-10
147,--,Antoine Brooks Jr.,Maryland,S,"5'11""",210,,2019-07-10
148,--,Corey Bethley,TCU,DL3T,"6'2""",290,,2019-07-10
149,--,Nigel Warrior,Tennessee,S,"6'0""",191,,2019-07-10
150,--,Rodney Smith,Minnesota,RBF,"5'11""",210,,2019-07-10
151,--,Christian Rector,USC,EDGE,"6'4""",275,,2019-07-10
152,--,Greg Eiland,Mississippi State,OT,"6'8""",335,,2019-07-10
153,--,Tyler Vaughns,USC,WRF,"6'2""",185,,2019-07-10
154,--,Nate Stanley,Iowa,QB,"6'4""",243,,2019-07-10
155,--,Harrison Bryant,Florida Atlantic,TE,"6'5""",240,,2019-07-10
156,--,Mustafa Johnson,Colorado,DL3T,"6'2""",290,,2019-07-10
157,--,DeMarkus Acy,Missouri,CB,"6'2""",195,,2019-07-10
158,--,Sam Ehlinger,Texas,QB,"6'3""",235,,2019-07-10
159,--,Isaiahh Loudermilk,Wisconsin,DL5T,"6'7""",306,,2019-07-10
160,--,Lamical Perine,Florida,RBF,"5'11""",227,,2019-07-10
161,--,Rayshard Ashby,Virginia Tech,ILB,"5'10""",230,,2019-07-10
162,--,Tristan Wirfs,Iowa,OT,"6'5""",320,,2019-07-10
163,--,Krys Barnes,UCLA,ILB,"6'1""",235,,2019-07-10
164,--,Reggie Floyd,Virginia Tech,S,"6'0""",222,,2019-07-10
165,--,Steven Gonzalez,Penn State,OG,"6'4""",349,,2019-07-10
166,--,Lorenzo Neal,Purdue,DL3T,"6'3""",315,,2019-07-10
167,--,Tre'Vour Wallace-Simms,Missouri,OG,"6'5""",330,,2019-07-10
168,--,Joe Gaziano,Northwestern,DL5T,"6'4""",275,,2019-07-10
169,--,Scottie Phillips,Ole Miss,RBC,"5'8""",212,,2019-07-10
170,--,Dylan Singleton,Duke,S,"5'11""",190,,2019-07-10
171,--,Pete Werner,Ohio State,ILB,"6'3""",236,,2019-07-10
172,--,Theo Howard,UCLA,WRF,"6'0""",182,,2019-07-10
173,--,D'Eriq King,Houston,QB,"5'11""",195,,2019-07-10
174,--,Marlon Tuipulotu,USC,DL3T,"6'3""",305,,2019-07-10
175,--,Joshua Kelley,UCLA,RBC,"5'11""",204,,2019-07-10
176,--,Khalil Davis,Nebraska,DL1T,"6'2""",310,,2019-07-10
177,--,Essang Bassey,Wake Forest,CB,"6'10""",190,,2019-07-10
178,--,Josh Uche,Michigan,OLB,"6'3""",238,,2019-07-10
179,--,Paulson Adedo,Stanford,CB,"6'1""",189,,2019-07-10
180,--,Zach Robertson,Arizona State,OT,"6'5""",335,OG,2019-07-10
181,--,Robert Windsor,Penn State,DL3T,"6'4""",289,,2019-07-10
182,--,Jared Rice,Fresno State,TE,"6'5""",238,,2019-07-10
183,--,Richard Moore,SMU,OLB,"6'0""",230,,2019-07-10
184,--,Kenny Cooper,Georgia Tech,OC,"6'2""",305,,2019-07-10
185,--,Jordan Elliott,Missouri,DL3T,"6'4""",315,,2019-07-10
186,--,Mohamed Barry,Nebraska,ILB,"6'1""",230,,2019-07-10
187,--,Nyles Pinckney,Clemson,DL3T,"6'1""",305,,2019-07-10
188,--,Patrick Johnson,Tulane,EDGE,"6'3""",255,,2019-07-10
189,--,Braden Mann,Texas A&M,P,"5'11""",195,,2019-07-10
190,--,Tavien Feaster,Clemson,RBF,"5'11""",220,,2019-07-10
191,--,Dalton Keene,Virginia Tech,TE,"6'4""",246,,2019-07-10
192,--,Juwan Washington,San Diego State,RBC,"5'7""",190,,2019-07-10
193,--,Nick Westbrook,Indiana,WRF,"6'3""",216,,2019-07-10
194,--,Tommy Townsend,Florida,P,"6'2""",183,,2019-07-10
195,--,James Proche,SMU,WRS,"5'11""",190,,2019-07-10
196,--,Evan Weaver,California,ILB,"6'3""",245,,2019-07-10
197,--,Kellen Mond,Texas A&M,QB,"6'2""",217,,2019-07-10
198,--,K'Von Wallace,Clemson,S,"5'11""",210,,2019-07-10
199,--,Scott Frantz,Kansas State,OT,"6'5""",303,,2019-07-10
200,--,Daelin Hayes,Notre Dame,DL5T,"6'4""",268,,2019-07-10
201,--,Scott Lashley,Alabama,OT,"6'7""",307,,2019-07-10
202,--,Kenny Robinson Jr.,West Virginia,S,"6'2""",202,,2019-07-10
203,--,Jordan Cronkrite,South Florida,RBF,"5'11""",207,,2019-07-10
204,--,Tedarrell Slaton,Florida,DL1T,"6'5""",343,,2019-07-10
205,--,Tyler Johnson,Minnesota,WRF,"6'2""",200,,2019-07-10
206,--,Kiel Pollard,South Carolina,FB,"6'1""",235,,2019-07-10
207,--,Cam Brown,Penn State,ILB,"6'5""",230,,2019-07-10
208,--,Raequan Williams,Michigan State,DL3T,"6'4""",298,,2019-07-10
209,--,Neville Gallimore,Oklahoma,DL1T,"6'2""",330,,2019-07-10
210,--,Thomas Graham Jr.,Oregon,CB,"5'11""",191,,2019-07-10
211,--,Josiah Scott,Michigan State,CB,"5'10""",168,,2019-07-10
212,--,Marcus Keyes,Oklahoma State,OG,"6'3""",309,,2019-07-10
213,--,Cameron Dantzler,Mississippi State,CB,"6'2""",185,,2019-07-10
214,--,Trey Sermon,Oklahoma,RBF,"6'0""",224,,2019-07-10
215,--,Leki Fotu,Utah,DL1T,"6'5""",330,,2019-07-10
216,--,Feleipe Franks,Florida,QB,"6'6""",240,,2019-07-10
217,--,Tyler Clark,Georgia,DL1T,"6'4""",300,,2019-07-10
218,--,Cohl Cabral,Arizona State,OC,"6'5""",291,,2019-07-10
219,--,Jet Toner,Stanford,PK,"6'4""",201,,2019-07-10
220,--,T.J. Brunson,South Carolina,ILB,"6'0""",230,,2019-07-10
221,--,Dante Olson,Montana,ILB,"6'3""",237,,2019-07-10
222,--,Patrick Queen,LSU,ILB,"6'2""",232,,2019-07-10
223,--,Kennedy McKoy,West Virginia,RBC,"6'0""",198,,2019-07-10
224,--,Blake Gillikin,Penn State,P,"6'2""",195,,2019-07-10
225,--,Rashad Robinson,James Madison,CB,"5'11""",185,,2019-07-10
226,--,Logan Stenberg,Kentucky,OG,"6'6""",326,,2019-07-10
227,--,Jordon Scott,Oregon,DL1T,"6'1""",329,,2019-07-10
228,--,Richie Grant,UCF,S,"6'0""",194,,2019-07-10
229,--,Levi Onwuzurike,Washington,DL3T,"6'3""",282,,2019-07-10
230,--,Luc Bequette,California,DL5T,"6'2""",295,,2019-07-10
231,--,Bobby Roundtree,Illinois,EDGE,"6'5""",255,,2019-07-10
232,--,David Reese II,Florida,ILB,"6'1""",248,,2019-07-10
233,--,Josiah Deguara,Cincinnati,TE,"6'3""",240,,2019-07-10
234,--,Jason Strowbridge,North Carolina,DL3T,"6'3""",285,,2019-07-10
235,--,Khalil Brooks,Middle Tennessee,OLB,"5'11""",206,,2019-07-10
236,--,Dicaprio Bootle,Nebraska,CB,"5'10""",190,,2019-07-10
237,--,Jordan Williams,Clemson,DL3T,"6'4""",305,,2019-07-10
238,--,Reggie Corbin,Illinois,RBC,"5'10""",200,,2019-07-10
239,--,Davion Taylor,Colorado,OLB,"6'2""",220,,2019-07-10
240,--,Dominik Eberle,Utah State,PK,"6'2""",195,,2019-07-10
241,--,Darrynton Evans,Appalachian State,RBC,"5'11""",190,,2019-07-10
242,--,Colin Schooler,Arizona,ILB,"6'0""",236,,2019-07-10
243,--,Tyrie Cleveland,Florida,WRF,"6'2""",206,,2019-07-10
244,--,Rashad Weaver,Pitt,EDGE,"6'5""",260,,2019-07-10
245,--,Jason Huntley,New Mexico State,RBC,"5'9""",188,,2019-07-10
246,--,Jake Verity,East Carolina,PK,"6'1""",185,,2019-07-10
247,--,Keisean Lucier-South,UCLA,EDGE,"6'4""",235,,2019-07-10
248,--,Chauncey Rivers,Mississippi State,DL5T,"6'3""",275,,2019-07-10
249,--,Kylan Wilborn,Arizona,EDGE,"6'2""",248,,2019-07-10
250,--,McKenzie Milton,UCF,QB,"5'11""",185,,2019-07-10
251,--,Justin Jefferson,LSU,WRF,"6'2""",185,,2019-07-10
252,--,Levante Bellamy,Western Michigan,RBC,"5'9""",185,RBF,2019-07-10
253,--,Bravvion Roy,Baylor,DL1T,6'1,330,,2019-07-10
254,--,Ryan McCollum,Texas A&M,OC,"6'5""",305,,2019-07-10
255,--,De'Jon Harris,Arkansas,ILB,"6'0""",244,,2019-07-10
256,--,Dane Jackson,Pitt,CB,"6'0""",190,,2019-07-10
257,--,Jay Tufele,USC,DL3T,"6'3""",310,,2019-07-10
258,--,Leo Lewis,Mississippi State,ILB,"6'2""",245,,2019-07-10
259,--,Kamal Martin,Minnesota,ILB,"6'3""",235,,2019-07-10
260,--,Jake Bentley,South Carolina,QB,"6'2""",220,,2019-07-10
261,--,Khaleke Hudson,Michigan,OLB,"6'0""",220,,2019-07-10
262,--,Logan Wilson,Wyoming,ILB,"6'2""",250,,2019-07-10
263,--,Juju Hughes,Fresno State,S,"5'11""",188,,2019-07-10
264,--,Luke Farrell,Ohio State,TE,"6'6""",244,,2019-07-10
265,--,Raymond Calais,LSU,RBC,"5'9""",180,,2019-07-10
266,--,Daniel Bituli,Tennessee,ILB,"6'3""",244,,2019-07-10
267,--,Marcel Spears Jr.,Iowa State,OLB,"6'1""",215,,2019-07-10
268,--,Colton Jackson,Arkansas,OT,"6'5""",301,,2019-07-10
269,--,Damonte Coxie,Memphis,WRF,"6'3""",200,,2019-07-10
270,--,Chase Allen,Iowa State,TE,"6'6""",240,,2019-07-10
271,--,Robert Landers,Ohio State,DL3T,"6'1""",285,,2019-07-10
272,--,Quincy Roche,Temple,EDGE,"6'4""",235,,2019-07-10
273,--,Kalija Lipscomb,Vanderbilt,WRF,"6'1""",200,,2019-07-10
274,--,Bryan Edwards,South Carolina,WRF,"6'3""",215,,2019-07-10
275,--,Brendon Hayes,UCF,DL5T,"6'3""",293,,2019-07-10
276,--,Mark Gilbert,Duke,CB,"6'1""",175,,2019-07-10
277,--,Sage Lewis,Florida International,ILB,"6'1""",240,,2019-07-10
278,--,Reggie Walker,Kansas State,EDGE,"6'2""",246,,2019-07-10
279,--,Cale Garrett,Missouri,ILB,"6'3""",230,,2019-07-10
280,--,Damar Hamlin,Pitt,S,"6'1""",195,,2019-07-10
281,--,Benny LeMay,Charlotte,RBF,"6'0""",218,,2019-07-10
282,--,Darnay Holmes,UCLA,CB,"5'10""",198,,2019-07-10
283,--,Kendall Coleman,Syracuse,EDGE,"6'3""",266,,2019-07-10
284,--,Malik Herring,Georgia,DL5T,"6'3""",280,,2019-07-10
285,--,Nevelle Clarke,UCF,CB,"6'1""",187,,2019-07-10
286,--,Michael Onwenu,Michigan,OG,"6'3""",365,,2019-07-10
287,--,Jahad Woods,Washington State,OLB,"6'0""",225,,2019-07-10
288,--,Myles Bryant,Washington,CB,"5'9""",184,,2019-07-10
289,--,Caleb Kelly,Oklahoma,OLB,"6'3""",231,,2019-07-10
290,--,Kyle Penniston,Rutgers,TE,"6'4""",243,,2019-07-10
291,--,Blake Brandel,Oregon State,OT,"6'7""",303,,2019-07-10
292,--,Marquez Stevenson,Houston,WRF,"6'0""",190,,2019-07-10
293,--,Christian Albright,Ball State,OLB,"6'2""",233,,2019-07-10
294,--,Charles Snowden,Virginia,EDGE,"6'7""",225,,2019-07-10
295,--,Mike Panasiuk,Michigan State,DL3T,"6'4""",300,,2019-07-10
296,--,Keandre Jones,Maryland,OLB,"6'2""",228,,2019-07-10
297,--,Greg Eisworth,Iowa State,CB,"6'0""",198,,2019-07-10
298,--,Ben Petrula,Boston College,OT,"6'5""",310,,2019-07-10
299,--,Damon Hazelton,Virginia Tech,WRF,"6'2""",222,,2019-07-10
300,--,John Penisini,Utah,DL3T,"6'2""",320,,2019-07-10
1,--,Tua Tagovailoa,Alabama,QB,"6'1""",218,,2019-07-21
2,+1,Justin Herbert,Oregon,QB,"6'6""",225,,2019-07-21
3,+1,Chase Young,Ohio State,EDGE,"6'5""",265,,2019-07-21
4,+2,Andrew Thomas,Georgia,OT,"6'5""",320,,2019-07-21
5,+3,Derrick Brown,Auburn,DL3T,"6'5""",318,DL1T,2019-07-21
6,+1,A.J. Epenesa,Iowa,DL5T,"6'6""",280,EDGE,2019-07-21
7,-5,Jerry Jeudy,Alabama,WRF,"6'1""",192,,2019-07-21
8,-3,Grant Delpit,LSU,S,"6'3""",203,,2019-07-21
9,+1,Laviska Shenault,Colorado,WRF,"6'2""",220,,2019-07-21
10,-1,Walker Little,Stanford,OT,"6'7""",313,,2019-07-21
11,--,Jake Fromm,Georgia,QB,"6'2""",220,,2019-07-21
12,+4,Trey Adams,Washington,OT,"6'7""",315,,2019-07-21
13,+11,Raekwon Davis,Alabama,DL3T,"6'7""",306,,2019-07-21
14,--,Tee Higgins,Clemson,WRF,"6'4""",200,,2019-07-21
15,--,C.J. Henderson,Florida,CB,"6'1""",186,,2019-07-21
16,-4,CeeDee Lamb,Oklahoma,WRF,"6'2""",189,,2019-07-21
17,+2,Albert Okwuegbunam,Missouri,TE,"6'5""",255,,2019-07-21
18,+3,Dylan Moses,Alabama,ILB,"6'3""",233,,2019-07-21
19,-6,Isaiah Simmons,Clemson,OLB,"6'4""",225,S,2019-07-21
20,+85,Alaric Jackson,Iowa,OT,"6'6""",320,,2019-07-21
21,-3,Jalen Reagor,TCU,WRS,"5'11""",195,,2019-07-21
22,-5,Nick Coe,Auburn,DL5T,"6'5""",282,EDGE,2019-07-21
23,+2,Kristian Fulton,LSU,CB,"6'0""",192,,2019-07-21
24,-4,Henry Ruggs III,Alabama,WRF,"6'0""",183,,2019-07-21
25,+1,Xavier McKinney,Alabama,S,"6'1""",196,,2019-07-21
26,+3,J.K. Dobbins,Ohio State,RBF,"5'10""",214,,2019-07-21
27,-5,Yetur Gross-Matos,Penn State,EDGE,"6'4""",262,,2019-07-21
28,-1,Tyler Biadasz,Wisconsin,OG,"6'3""",315,OC,2019-07-21
29,-1,Bryce Hall,Virginia,CB,"6'1""",200,,2019-07-21
30,--,Tylan Wallace,Oklahoma State,WRF,"6'0""",185,,2019-07-21
31,+51,D'Andre Swift,Georgia,RBC,"5'9""",215,,2019-07-21
32,+1,Trevon Diggs,Alabama,CB,"6'2""",200,,2019-07-21
33,-1,Terrell Lewis,Alabama,EDGE,"6'5""",255,,2019-07-21
34,-3,Travis Etienne,Clemson,RBF,"5'10""",200,,2019-07-21
35,+8,Jacob Eason,Washington,QB,"6'6""",228,,2019-07-21
36,+1,Jaylon Johnson,Utah,CB,"6'0""",190,,2019-07-21
37,-14,Calvin Throckmorton,Oregon,OT,"6'5""",318,,2019-07-21
38,+3,Michael Divinity Jr.,LSU,OLB,"6'2""",238,,2019-07-21
39,-4,Jonathan Taylor,Wisconsin,RBF,"5'11""",215,,2019-07-21
40,+6,Kenny Willekes,Michigan State,EDGE,"6'4""",260,,2019-07-21
41,-2,T.J. McCoy,Louisville,OC,"6'1""",315,,2019-07-21
42,+2,Jacob Phillips,LSU,ILB,"6'4""",229,,2019-07-21
43,-1,Shaquille Quarterman,Miami (FL),ILB,"6'1""",240,,2019-07-21
44,-10,Trey Smith,Tennessee,OT,"6'6""",337,OG,2019-07-21
45,-7,LaBryan Ray,Alabama,DL5T,"6'5""",285,,2019-07-21
46,+4,Rashard Lawrence,LSU,DL1T,"6'3""",317,DL3T,2019-07-21
47,-11,Donovan Peoples-Jones,Michigan,WRF,"6'2""",208,,2019-07-21
48,-8,Richard LeCounte,Georgia,S,"5'11""",190,,2019-07-21
49,+5,Shea Patterson,Michigan,QB,"6'2""",200,,2019-07-21
50,+52,Colby Parkinson,Stanford,TE,"6'7""",240,,2019-07-21
51,-3,Collin Johnson,Texas,WRF,"6'6""",220,,2019-07-21
52,-3,Tommy Kraemer,Notre Dame,OG,"6'6""",319,,2019-07-21
53,+4,Anfernee Jennings,Alabama,EDGE,"6'3""",259,OLB,2019-07-21
54,+8,Michael Pinckney,Miami (FL),OLB,"6'1""",220,,2019-07-21
55,-4,Eno Benjamin,Arizona State,RBF,"5'10""",201,,2019-07-21
56,+107,Tristan Wirfs,Iowa,OT,"6'5""",320,,2019-07-21
57,+1,Brandon Jones,Texas,S,"6'0""",210,,2019-07-21
58,+8,Ben Bredeson,Michigan,OG,"6'5""",320,,2019-07-21
59,-6,Khalid Kareem,Notre Dame,EDGE,"6'4""",265,,2019-07-21
60,+14,Julian Okwara,Notre Dame,EDGE,"6'5""",241,,2019-07-21
61,+6,Tarik Black,Michigan,WRF,"6'3""",215,,2019-07-21
62,-15,T.J. Vasher,Texas Tech,WRF,"6'6""",190,,2019-07-21
63,-2,A.J. Terrell,Clemson,CB,"6'2""",190,,2019-07-21
64,+11,Justin Madubuike,Texas A&M,DL3T,"6'3""",304,,2019-07-21
65,-5,Najee Harris,Alabama,RBF,"6'2""",230,,2019-07-21
66,+31,Marlon Davidson,Auburn,DL5T,"6'3""",278,,2019-07-21
67,+5,Lavert Hill,Michigan,CB,"5'11""",181,,2019-07-21
68,-9,J.R. Reed,Georgia,S,"6'1""",194,,2019-07-21
69,-6,Darryl Williams,Mississippi State,OC,"6'2""",310,,2019-07-21
70,+1,Curtis Weaver,Boise State,EDGE,"6'3""",266,,2019-07-21
71,-7,Steven Montez,Colorado,QB,"6'5""",230,,2019-07-21
72,-20,Mekhi Becton,Louisville,OT,"6'7""",355,,2019-07-21
73,+13,Anthony Hines,Texas A&M,OLB,"6'3""",226,,2019-07-21
74,-5,K.J. Hill,Ohio State,WRF,"6'0""",195,,2019-07-21
75,-7,Zack Moss,Utah,RBF,"5'10""",210,,2019-07-21
76,+4,Malik Harrison,Ohio State,ILB,"6'3""",245,,2019-07-21
77,+32,Grant Calcaterra,Oklahoma,TE,"6'4""",221,,2019-07-21
78,-5,Willie Gay Jr.,Mississippi State,OLB,"6'2""",235,,2019-07-21
79,+13,Marvin Wilson,Florida State,DL1T,"6'5""",314,DL3T,2019-07-21
80,+1,Cam Akers,Florida State,RBF,"5'11""",210,,2019-07-21
81,-3,Jordan Fuller,Ohio State,S,"6'2""",205,,2019-07-21
82,-27,Liam Eichenberg,Notre Dame,OT,"6'6""",305,,2019-07-21
83,+25,Glen Logan,LSU,DL5T,"6'4""",297,,2019-07-21
84,-14,Jeffrey Okudah,Ohio State,CB,"6'1""",200,,2019-07-21
85,-9,Alton Robinson,Syracuse,EDGE,"6'4""",257,,2019-07-21
86,-9,Troy Dye,Oregon,ILB,"6'4""",224,,2019-07-21
87,NEW,Ty Chandler,Tennessee,RBF,"5'11""",201,,2019-07-21
88,-4,K.J. Costello,Stanford,QB,"6'5""",215,,2019-07-21
89,+25,J.J. Taylor,Arizona,RBC,"5'6""",184,,2019-07-21
90,-5,Dontavious Jackson,Florida State,ILB,"6'3""",233,,2019-07-21
91,-1,Shyheim Carter,Alabama,CB,"6'0""",195,,2019-07-21
92,-5,Javon Kinlaw,South Carolina,DL3T,"6'6""",302,,2019-07-21
93,-14,DeVonta Smith,Alabama,WRF,"6'1""",193,,2019-07-21
94,-38,Alex Leatherwood,Alabama,OG,"6'6""",304,OT,2019-07-21
95,+33,Jared Pinkney,Vanderbilt,TE,"6'4""",255,,2019-07-21
96,-1,K'Lavon Chaisson,LSU,OLB,"6'4""",238,EDGE,2019-07-21
97,-6,A.J. Dillon,Boston College,RBF,"6'0""",245,,2019-07-21
98,--,Marquez Callaway,Tennessee,WRF,"6'2""",200,,2019-07-21
99,+1,Kenneth Murray,Oklahoma,OLB,"6'2""",238,,2019-07-21
100,NEW,Brycen Hopkins,Purdue,TE,"6'5""",245,,2019-07-21
101,-5,David Dowell,Michigan State,S,"6'1""",205,,2019-07-21
102,NEW,Nick Harris,Washington,OC,"6'1""",302,,2019-07-21
103,--,Joe Bachie,Michigan State,ILB,"6'2""",238,,2019-07-21
104,+8,Darrell Taylor,Tennessee,EDGE,"6'4""",247,,2019-07-21
105,-11,Paddy Fisher,Northwestern,ILB,"6'4""",241,,2019-07-21
106,-2,Jon Runyan,Michigan,OG,"6'5""",310,OT,2019-07-21
107,-1,Mike Hampton,South Florida,CB,"6'1""",180,,2019-07-21
108,+2,Tuf Borland,Ohio State,ILB,"6'1""",230,,2019-07-21
109,+34,Shane Lemieux,Oregon,OG,"6'4""",317,,2019-07-21
110,-3,Jalen Hurts,Oklahoma,QB,"6'2""",210,,2019-07-21
111,+46,Mustafa Johnson,Colorado,DL3T,"6'2""",290,,2019-07-21
112,+29,Zack Shackelford,Texas,OC,"6'4""",305,,2019-07-21
113,+23,Josh Kaindoh,Florida State,EDGE,"6'7""",261,,2019-07-21
114,+3,McTelvin Agim,Arkansas,DL5T,"6'3""",279,,2019-07-21
115,+5,Sean Pollard,Clemson,OG,"6'5""",320,,2019-07-21
116,-15,Chubba Hubbard,Oklahoma State,RBF,"6'1""",207,,2019-07-21
117,-1,Alohi Gilman,Notre Dame,S,"5'11""",201,,2019-07-21
118,+8,Chase Claypool,Notre Dame,WRF,"6'4""",227,,2019-07-21
119,-1,Britain Covey,Utah,WRS,"5'8""",170,,2019-07-21
120,-37,Saahdiq Charles,LSU,OT,"6'5""",305,,2019-07-21
121,-2,Jonathan Garvin,Miami (FL),EDGE,"6'4""",250,,2019-07-21
122,NEW,Jacob Breeland,Oregon,TE,"6'5""",240,,2019-07-21
123,-8,Solomon Kindley,Georgia,OG,"6'4""",335,,2019-07-21
124,-3,Brian Lewerke,Michigan State,QB,"6'3""",214,,2019-07-21
125,+7,Erroll Thompson,Mississippi State,ILB,"6'1""",250,,2019-07-21
126,+20,Anthony McFarland Jr.,Maryland,RBC,"5'8""",193,,2019-07-21
127,+2,Demetris Robertson,Georgia,WRF,"6'0""",190,,2019-07-21
128,-17,Chase Lucas,Arizona State,CB,"6'0""",175,,2019-07-21
129,+10,Jeffrey McCulloch,Texas,ILB,"6'3""",245,,2019-07-21
130,--,Julian Blackmon,Utah,S,"6'1""",195,,2019-07-21
131,+2,Damon Arnette,Ohio State,CB,"6'0""",195,,2019-07-21
132,-8,Jake Hanson,Oregon,OC,"6'5""",297,,2019-07-21
133,-44,Prince Tega Wanogho,Auburn,OT,"6'7""",310,,2019-07-21
134,+10,Carter Coughlin,Minnesota,OLB,"6'4""",245,EDGE,2019-07-21
135,-13,Julian Rochester,Georgia,DL3T,"6'5""",300,,2019-07-21
136,-48,Tremayne Anchrum,Clemson,OG,"6'2""",310,,2019-07-21
137,-14,T.J. Carter,Memphis,CB,"5'11""",180,,2019-07-21
138,--,Ke'Shawn Vaughn,Vanderbilt,RBF,"5'10""",215,,2019-07-21
139,-5,Michael Warren II,Cincinnati,RBF,"5'11""",218,,2019-07-21
140,--,Jabari Zuniga,Florida,EDGE,"6'4""",257,,2019-07-21
141,-3,Denzel Mims,Baylor,WRF,"6'3""",197,,2019-07-21
142,--,Larry Rountree III,Missouri,RBF,"5'10""",210,,2019-07-21
143,-8,Levonta Taylor,Florida State,CB,"5'10""",181,,2019-07-21
144,+40,Richard Moore,SMU,OLB,"6'0""",230,,2019-07-21
145,-14,Mitchell Wilcox,South Florida,TE,"6'5""",245,,2019-07-21
146,+9,Nate Stanley,Iowa,QB,"6'4""",243,,2019-07-21
147,+1,Antoine Brooks Jr.,Maryland,S,"5'11""",210,,2019-07-21
148,-3,Kelvin Jarvis,Michigan State,OG,"6'4""",317,,2019-07-21
149,+5,Tyler Vaughns,USC,WRF,"6'2""",185,,2019-07-21
150,-25,Lucas Niang,TCU,OT,"6'7""",328,,2019-07-21
151,-24,Jonathon Cooper,Ohio State,EDGE,"6'4""",257,,2019-07-21
152,-2,Nigel Warrior,Tennessee,S,"6'0""",191,,2019-07-21
153,+6,Sam Ehlinger,Texas,QB,"6'3""",235,,2019-07-21
154,+2,Harrison Bryant,Florida Atlantic,TE,"6'5""",240,,2019-07-21
155,+12,Lorenzo Neal,Purdue,DL3T,"6'3""",315,,2019-07-21
156,+2,DeMarkus Acy,Missouri,CB,"6'2""",195,,2019-07-21
157,+5,Rayshard Ashby,Virginia Tech,ILB,"5'10""",230,,2019-07-21
158,-21,Luke Campbell,Michigan State,OT,"6'5""",302,,2019-07-21
159,-8,Rodney Smith,Minnesota,RBF,"5'11""",210,,2019-07-21
160,-13,Benito Jones,Ole Miss,DL1T,"6'1""",326,,2019-07-21
161,+8,Joe Gaziano,Northwestern,DL5T,"6'4""",275,,2019-07-21
162,-9,Greg Eiland,Mississippi State,OT,"6'8""",335,,2019-07-21
163,+45,Cam Brown,Penn State,ILB,"6'5""",230,,2019-07-21
164,+1,Reggie Floyd,Virginia Tech,S,"6'0""",222,,2019-07-21
165,-13,Christian Rector,USC,EDGE,"6'4""",275,,2019-07-21
166,+6,Pete Werner,Ohio State,ILB,"6'3""",236,,2019-07-21
167,+6,Theo Howard,UCLA,WRF,"6'0""",182,,2019-07-21
168,-69,Trystan Colon-Castillo,Missouri,OC,"6'4""",315,,2019-07-21
169,-20,Corey Bethley,TCU,DL3T,"6'2""",290,,2019-07-21
170,+17,Mohamed Barry,Nebraska,ILB,"6'1""",230,,2019-07-21
171,-1,Scottie Phillips,Ole Miss,RBC,"5'8""",212,,2019-07-21
172,-6,Steven Gonzalez,Penn State,OG,"6'4""",349,,2019-07-21
173,-5,Tre'Vour Wallace-Simms,Missouri,OG,"6'5""",330,,2019-07-21
174,-13,Lamical Perine,Florida,RBF,"5'11""",227,,2019-07-21
175,-4,Dylan Singleton,Duke,S,"5'11""",190,,2019-07-21
176,--,Joshua Kelley,UCLA,RBC,"5'11""",204,,2019-07-21
177,-13,Krys Barnes,UCLA,ILB,"6'1""",235,,2019-07-21
178,--,Essang Bassey,Wake Forest,CB,"6'10""",190,,2019-07-21
179,+4,Jared Rice,Fresno State,TE,"6'5""",238,,2019-07-21
180,+68,Keisean Lucier-South,UCLA,EDGE,"6'4""",235,,2019-07-21
181,--,Zach Robertson,Arizona State,OG,"6'5""",335,OT,2019-07-21
182,-7,Marlon Tuipulotu,USC,DL3T,"6'3""",305,,2019-07-21
183,+20,Kenny Robinson Jr.,West Virginia,S,"6'2""",202,,2019-07-21
184,+14,Kellen Mond,Texas A&M,QB,"6'2""",217,,2019-07-21
185,+11,James Proche,SMU,WRS,"5'11""",190,,2019-07-21
186,+16,Scott Lashley,Alabama,OT,"6'7""",307,,2019-07-21
187,+1,Nyles Pinckney,Clemson,DL3T,"6'1""",305,,2019-07-21
188,-14,D'Eriq King,Houston,QB,"5'11""",195,,2019-07-21
189,+11,Scott Frantz,Kansas State,OT,"6'5""",303,,2019-07-21
190,NEW,Drew Richmond,USC,OT,"6'5""",316,,2019-07-21
191,-12,Josh Uche,Michigan,OLB,"6'3""",238,,2019-07-21
192,-32,Isaiahh Loudermilk,Wisconsin,DL5T,"6'7""",306,,2019-07-21
193,-2,Tavien Feaster,Clemson,RBF,"5'11""",220,,2019-07-21
194,-1,Juwan Washington,San Diego State,RBC,"5'7""",190,,2019-07-21
195,-6,Patrick Johnson,Tulane,EDGE,"6'3""",255,,2019-07-21
196,NEW,Matt Bushman,BYU,TE,"6'5""",245,,2019-07-21
197,+8,Tedarrell Slaton,Florida,DL1T,"6'5""",343,,2019-07-21
198,-18,Paulson Adedo,Stanford,CB,"6'1""",189,,2019-07-21
199,-106,Matt Hennessy,Temple,OC,"6'4""",295,,2019-07-21
200,-23,Khalil Davis,Nebraska,DL1T,"6'2""",310,,2019-07-21
201,-7,Nick Westbrook,Indiana,WRF,"6'3""",216,,2019-07-21
202,-20,Robert Windsor,Penn State,DL3T,"6'4""",289,,2019-07-21
203,-17,Jordan Elliott,Missouri,DL3T,"6'4""",315,,2019-07-21
204,+2,Tyler Johnson,Minnesota,WRF,"6'2""",200,,2019-07-21
205,+58,Logan Wilson,Wyoming,ILB,"6'2""",250,,2019-07-21
206,-2,Jordan Cronkrite,South Florida,RBF,"5'11""",207,,2019-07-21
207,+7,Cameron Dantzler,Mississippi State,CB,"6'2""",185,,2019-07-21
208,-1,Kiel Pollard,South Carolina,FB,"6'1""",235,,2019-07-21
209,+4,Marcus Keyes,Oklahoma State,OG,"6'3""",309,,2019-07-21
210,+8,Tyler Clark,Georgia,DL1T,"6'4""",300,,2019-07-21
211,-2,Raequan Williams,Michigan State,DL3T,"6'4""",298,,2019-07-21
212,-13,K'Von Wallace,Clemson,S,"5'11""",210,,2019-07-21
213,-23,Braden Mann,Texas A&M,P,"5'11""",195,,2019-07-21
214,+31,Rashad Weaver,Pitt,EDGE,"6'5""",260,,2019-07-21
215,-4,Thomas Graham Jr.,Oregon,CB,"5'11""",191,,2019-07-21
216,+1,Feleipe Franks,Florida,QB,"6'6""",240,,2019-07-21
217,-32,Kenny Cooper,Georgia Tech,OC,"6'2""",305,,2019-07-21
218,+12,Levi Onwuzurike,Washington,DL3T,"6'3""",282,,2019-07-21
219,-27,Dalton Keene,Virginia Tech,TE,"6'4""",246,,2019-07-21
220,+23,Colin Schooler,Arizona,ILB,"6'0""",236,,2019-07-21
221,-1,Jet Toner,Stanford,PK,"6'4""",201,,2019-07-21
222,+2,Kennedy McKoy,West Virginia,RBC,"6'0""",198,,2019-07-21
223,+6,Richie Grant,UCF,S,"6'0""",194,,2019-07-21
224,+2,Rashad Robinson,James Madison,CB,"5'11""",185,,2019-07-21
225,-13,Josiah Scott,Michigan State,CB,"5'10""",168,,2019-07-21
226,-5,T.J. Brunson,South Carolina,ILB,"6'0""",230,,2019-07-21
227,+11,Jordan Williams,Clemson,DL3T,"6'4""",305,,2019-07-21
228,-12,Leki Fotu,Utah,DL1T,"6'5""",330,,2019-07-21
229,-14,Trey Sermon,Oklahoma,RBF,"6'0""",224,,2019-07-21
230,+5,Jason Strowbridge,North Carolina,DL3T,"6'3""",285,,2019-07-21
231,+25,De'Jon Harris,Arkansas,ILB,"6'0""",244,,2019-07-21
232,-22,Neville Gallimore,Oklahoma,DL1T,"6'2""",330,,2019-07-21
233,+31,Juju Hughes,Fresno State,S,"5'11""",188,,2019-07-21
234,-37,Evan Weaver,California,ILB,"6'3""",245,,2019-07-21
235,-8,Logan Stenberg,Kentucky,OG,"6'6""",326,,2019-07-21
236,-4,Bobby Roundtree,Illinois,EDGE,"6'5""",255,,2019-07-21
237,+3,Davion Taylor,Colorado,OLB,"6'2""",220,,2019-07-21
238,+14,Justin Jefferson,LSU,WRF,"6'2""",185,,2019-07-21
239,-11,Jordon Scott,Oregon,DL1T,"6'1""",329,,2019-07-21
240,-1,Reggie Corbin,Illinois,RBC,"5'10""",200,,2019-07-21
241,+10,McKenzie Milton,UCF,QB,"5'11""",185,,2019-07-21
242,+4,Jason Huntley,New Mexico State,RBC,"5'9""",188,,2019-07-21
243,-12,Luc Bequette,California,DL5T,"6'2""",295,,2019-07-21
244,-7,Dicaprio Bootle,Nebraska,CB,"5'10""",190,,2019-07-21
245,-1,Tyrie Cleveland,Florida,WRF,"6'2""",206,,2019-07-21
246,-51,Tommy Townsend,Florida,P,"6'2""",183,,2019-07-21
247,-5,Darrynton Evans,Appalachian State,RBC,"5'11""",190,,2019-07-21
248,-26,Dante Olson,Montana,ILB,"6'3""",237,,2019-07-21
249,+10,Leo Lewis,Mississippi State,ILB,"6'2""",245,,2019-07-21
250,-49,Daelin Hayes,Notre Dame,DL5T,"6'4""",268,,2019-07-21
251,-28,Patrick Queen,LSU,ILB,"6'2""",232,,2019-07-21
252,+6,Jay Tufele,USC,DL3T,"6'3""",310,,2019-07-21
253,+1,Bravvion Roy,Baylor,DL1T,6'1,330,,2019-07-21
254,-29,Blake Gillikin,Penn State,P,"6'2""",195,,2019-07-21
255,-5,Kylan Wilborn,Arizona,EDGE,"6'2""",248,,2019-07-21
256,+12,Marcel Spears Jr.,Iowa State,OLB,"6'1""",215,,2019-07-21
257,-4,Levante Bellamy,Western Michigan,RBF,"5'9""",185,RBC,2019-07-21
258,-24,Josiah Deguara,Cincinnati,TE,"6'3""",240,,2019-07-21
259,-12,Jake Verity,East Carolina,PK,"6'1""",185,,2019-07-21
260,-3,Dane Jackson,Pitt,CB,"6'0""",190,,2019-07-21
261,--,Jake Bentley,South Carolina,QB,"6'2""",220,,2019-07-21
262,+18,Cale Garrett,Missouri,ILB,"6'3""",230,,2019-07-21
263,+14,Mark Gilbert,Duke,CB,"6'1""",175,,2019-07-21
264,-23,Dominik Eberle,Utah State,PK,"6'2""",195,,2019-07-21
265,-29,Khalil Brooks,Middle Tennessee,OLB,"5'11""",206,,2019-07-21
266,+9,Bryan Edwards,South Carolina,WRF,"6'3""",215,,2019-07-21
267,+2,Colton Jackson,Arkansas,OT,"6'5""",301,,2019-07-21
268,+40,Breiden Fehoko,LSU,DL5T,"6'4""",291,,2019-07-21
269,-50,Cohl Cabral,Arizona State,OC,"6'5""",291,,2019-07-21
270,-21,Chauncey Rivers,Mississippi State,DL5T,"6'3""",275,,2019-07-21
271,-11,Kamal Martin,Minnesota,ILB,"6'3""",235,,2019-07-21
272,+6,Sage Lewis,Florida International,ILB,"6'1""",240,,2019-07-21
273,--,Quincy Roche,Temple,EDGE,"6'4""",235,,2019-07-21
274,+14,Jahad Woods,Washington State,OLB,"6'0""",225,,2019-07-21
275,+12,Michael Onwenu,Michigan,OG,"6'3""",365,,2019-07-21
276,-10,Raymond Calais,LSU,RBC,"5'9""",180,,2019-07-21
277,-15,Khaleke Hudson,Michigan,OLB,"6'0""",220,,2019-07-21
278,+12,Caleb Kelly,Oklahoma,OLB,"6'3""",231,,2019-07-21
279,+34,Markus Bailey,Purdue,ILB,"6'1""",240,,2019-07-21
280,-8,Robert Landers,Ohio State,DL3T,"6'1""",285,,2019-07-21
281,-48,David Reese II,Florida,ILB,"6'1""",248,,2019-07-21
282,+20,Kyahva Tezino,San Diego State,OLB,"6'0""",230,,2019-07-21
283,+27,Justin Strnad,Wake Forest,OLB,"6'3""",230,,2019-07-21
284,+5,Myles Bryant,Washington,CB,"5'9""",184,,2019-07-21
285,-4,Damar Hamlin,Pitt,S,"6'1""",195,,2019-07-21
286,-1,Malik Herring,Georgia,DL5T,"6'3""",280,,2019-07-21
287,+5,Blake Brandel,Oregon State,OT,"6'7""",303,,2019-07-21
288,-23,Luke Farrell,Ohio State,TE,"6'6""",244,,2019-07-21
289,-7,Benny LeMay,Charlotte,RBF,"6'0""",218,,2019-07-21
290,+14,Jake Jackson,Utah,FB,"6'3""",245,,2019-07-21
291,-20,Chase Allen,Iowa State,TE,"6'6""",240,,2019-07-21
292,-22,Damonte Coxie,Memphis,WRF,"6'3""",200,,2019-07-21
293,-10,Darnay Holmes,UCLA,CB,"5'10""",198,,2019-07-21
294,-1,Marquez Stevenson,Houston,WRF,"6'0""",190,,2019-07-21
295,-21,Kalija Lipscomb,Vanderbilt,WRF,"6'1""",200,,2019-07-21
296,+5,John Penisini,Utah,DL3T,"6'2""",320,,2019-07-21
297,-30,Daniel Bituli,Tennessee,ILB,"6'3""",244,,2019-07-21
298,+1,Ben Petrula,Boston College,OT,"6'5""",310,,2019-07-21
299,-13,Nevelle Clarke,UCF,CB,"6'1""",187,,2019-07-21
300,+9,Tra Minter,South Alabama,RBC,"5'9""",200,,2019-07-21
1,--,Tua Tagovailoa,Alabama,QB,"6'1""",218,,2019-08-21
2,+1,Chase Young,Ohio State,EDGE,"6'5""",265,,2019-08-21
3,-1,Justin Herbert,Oregon,QB,"6'6""",225,,2019-08-21
4,+3,Jerry Jeudy,Alabama,WRF,"6'1""",192,,2019-08-21
5,+1,A.J. Epenesa,Iowa,DL5T,"6'6""",280,EDGE,2019-08-21
6,+5,Jake Fromm,Georgia,QB,"6'2""",220,,2019-08-21
7,+1,Grant Delpit,LSU,S,"6'3""",203,,2019-08-21
8,-3,Derrick Brown,Auburn,DL3T,"6'5""",318,DL1T,2019-08-21
9,-5,Andrew Thomas,Georgia,OT,"6'5""",320,,2019-08-21
10,+3,Raekwon Davis,Alabama,DL3T,"6'7""",306,,2019-08-21
11,-2,Laviska Shenault,Colorado,WRF,"6'2""",220,,2019-08-21
12,-2,Walker Little,Stanford,OT,"6'7""",313,,2019-08-21
13,+3,CeeDee Lamb,Oklahoma,WRF,"6'2""",189,,2019-08-21
14,+1,C.J. Henderson,Florida,CB,"6'1""",186,,2019-08-21
15,-3,Trey Adams,Washington,OT,"6'7""",315,,2019-08-21
16,-2,Tee Higgins,Clemson,WRF,"6'4""",200,,2019-08-21
17,+2,Isaiah Simmons,Clemson,OLB,"6'4""",225,S,2019-08-21
18,+3,Jalen Reagor,TCU,WRS,"5'11""",195,,2019-08-21
19,+1,Alaric Jackson,Iowa,OT,"6'6""",320,,2019-08-21
20,-2,Dylan Moses,Alabama,ILB,"6'3""",233,,2019-08-21
21,+6,Yetur Gross-Matos,Penn State,EDGE,"6'4""",262,,2019-08-21
22,+11,Terrell Lewis,Alabama,EDGE,"6'5""",255,,2019-08-21
23,--,Kristian Fulton,LSU,CB,"6'0""",192,,2019-08-21
24,-2,Nick Coe,Auburn,DL5T,"6'5""",282,EDGE,2019-08-21
25,-1,Henry Ruggs III,Alabama,WRF,"6'0""",183,,2019-08-21
26,+8,Travis Etienne,Clemson,RBF,"5'10""",200,,2019-08-21
27,+1,Tyler Biadasz,Wisconsin,OG,"6'3""",315,OC,2019-08-21
28,+56,Jeffrey Okudah,Ohio State,CB,"6'1""",200,,2019-08-21
29,-3,J.K. Dobbins,Ohio State,RBF,"5'10""",214,,2019-08-21
30,+1,D'Andre Swift,Georgia,RBC,"5'9""",215,,2019-08-21
31,+14,LaBryan Ray,Alabama,DL5T,"6'5""",285,,2019-08-21
32,-7,Xavier McKinney,Alabama,S,"6'1""",196,,2019-08-21
33,-4,Bryce Hall,Virginia,CB,"6'1""",200,,2019-08-21
34,+19,Anfernee Jennings,Alabama,EDGE,"6'3""",259,OLB,2019-08-21
35,+8,Shaquille Quarterman,Miami (FL),ILB,"6'1""",240,,2019-08-21
36,-1,Jacob Eason,Washington,QB,"6'6""",228,,2019-08-21
37,+2,Jonathan Taylor,Wisconsin,RBF,"5'11""",215,,2019-08-21
38,-1,Calvin Throckmorton,Oregon,OT,"6'5""",318,,2019-08-21
39,-7,Trevon Diggs,Alabama,CB,"6'2""",200,,2019-08-21
40,-10,Tylan Wallace,Oklahoma State,WRF,"6'0""",185,,2019-08-21
41,+1,Jacob Phillips,LSU,ILB,"6'4""",229,,2019-08-21
42,+5,Donovan Peoples-Jones,Michigan,WRF,"6'2""",208,,2019-08-21
43,-26,Albert Okwuegbunam,Missouri,TE,"6'5""",255,,2019-08-21
44,+25,Darryl Williams,Mississippi State,OC,"6'2""",310,,2019-08-21
45,NEW,Ashtyn Davis,California,S,"6'1""",201,,2019-08-21
46,-6,Kenny Willekes,Michigan State,EDGE,"6'4""",260,,2019-08-21
47,+5,Tommy Kraemer,Notre Dame,OG,"6'6""",319,,2019-08-21
48,-4,Trey Smith,Tennessee,OT,"6'6""",337,OG,2019-08-21
49,-11,Michael Divinity Jr.,LSU,OLB,"6'2""",238,,2019-08-21
50,+8,Ben Bredeson,Michigan,OG,"6'5""",320,,2019-08-21
51,-2,Shea Patterson,Michigan,QB,"6'2""",200,,2019-08-21
52,+18,Curtis Weaver,Boise State,EDGE,"6'3""",266,,2019-08-21
53,-2,Collin Johnson,Texas,WRF,"6'6""",220,,2019-08-21
54,NEW,Lloyd Cushenberry,LSU,OC,"6'3""",312,,2019-08-21
55,-1,Michael Pinckney,Miami (FL),OLB,"6'1""",220,,2019-08-21
56,+6,T.J. Vasher,Texas Tech,WRF,"6'6""",190,,2019-08-21
57,-2,Eno Benjamin,Arizona State,RBF,"5'10""",201,,2019-08-21
58,-8,Colby Parkinson,Stanford,TE,"6'7""",240,,2019-08-21
59,+2,Tarik Black,Michigan,WRF,"6'3""",215,,2019-08-21
60,-4,Tristan Wirfs,Iowa,OT,"6'5""",320,,2019-08-21
61,+5,Marlon Davidson,Auburn,DL5T,"6'3""",278,,2019-08-21
62,-26,Jaylon Johnson,Utah,CB,"6'0""",190,,2019-08-21
63,-4,Khalid Kareem,Notre Dame,EDGE,"6'4""",265,,2019-08-21
64,-18,Rashard Lawrence,LSU,DL1T,"6'3""",317,DL3T,2019-08-21
65,NEW,Jonah Jackson,Ohio State,OG,"6'3""",309,,2019-08-21
66,-3,A.J. Terrell,Clemson,CB,"6'2""",190,,2019-08-21
67,+27,Alex Leatherwood,Alabama,OG,"6'6""",304,OT,2019-08-21
68,-20,Richard LeCounte,Georgia,S,"5'11""",190,,2019-08-21
69,+2,Steven Montez,Colorado,QB,"6'5""",230,,2019-08-21
70,-10,Julian Okwara,Notre Dame,EDGE,"6'5""",241,,2019-08-21
71,-30,T.J. McCoy,Louisville,OC,"6'1""",315,,2019-08-21
72,+6,Willie Gay Jr.,Mississippi State,OLB,"6'2""",235,,2019-08-21
73,+7,Cam Akers,Florida State,RBF,"5'11""",210,,2019-08-21
74,--,K.J. Hill,Ohio State,WRF,"6'0""",195,,2019-08-21
75,+4,Marvin Wilson,Florida State,DL1T,"6'5""",314,DL3T,2019-08-21
76,-11,Najee Harris,Alabama,RBF,"6'2""",230,,2019-08-21
77,-10,Lavert Hill,Michigan,CB,"5'11""",181,,2019-08-21
78,-21,Brandon Jones,Texas,S,"6'0""",210,,2019-08-21
79,+6,Alton Robinson,Syracuse,EDGE,"6'4""",257,,2019-08-21
80,-16,Justin Madubuike,Texas A&M,DL3T,"6'3""",304,,2019-08-21
81,+7,K.J. Costello,Stanford,QB,"6'5""",215,,2019-08-21
82,-10,Mekhi Becton,Louisville,OT,"6'7""",355,,2019-08-21
83,+13,K'Lavon Chaisson,LSU,OLB,"6'4""",238,EDGE,2019-08-21
84,+42,Anthony McFarland Jr.,Maryland,RBC,"5'8""",193,,2019-08-21
85,-10,Zack Moss,Utah,RBF,"5'10""",210,,2019-08-21
86,+4,Dontavious Jackson,Florida State,ILB,"6'3""",233,,2019-08-21
87,+206,Darnay Holmes,UCLA,CB,"5'10""",198,,2019-08-21
88,+4,Javon Kinlaw,South Carolina,DL3T,"6'6""",302,,2019-08-21
89,-16,Anthony Hines,Texas A&M,OLB,"6'3""",226,,2019-08-21
90,+5,Jared Pinkney,Vanderbilt,TE,"6'4""",255,,2019-08-21
91,-15,Malik Harrison,Ohio State,ILB,"6'3""",245,,2019-08-21
92,-5,Ty Chandler,Tennessee,RBF,"5'11""",201,,2019-08-21
93,+24,Alohi Gilman,Notre Dame,S,"5'11""",201,,2019-08-21
94,-12,Liam Eichenberg,Notre Dame,OT,"6'6""",305,,2019-08-21
95,+4,Kenneth Murray,Oklahoma,OLB,"6'2""",238,,2019-08-21
96,+1,A.J. Dillon,Boston College,RBF,"6'0""",245,,2019-08-21
97,+16,Josh Kaindoh,Florida State,EDGE,"6'7""",261,,2019-08-21
98,+181,Markus Bailey,Purdue,ILB,"6'1""",240,,2019-08-21
99,+10,Shane Lemieux,Oregon,OG,"6'4""",317,,2019-08-21
100,+96,Matt Bushman,BYU,TE,"6'5""",245,,2019-08-21
101,+14,Sean Pollard,Clemson,OC,"6'5""",320,OG,2019-08-21
102,+49,Jonathon Cooper,Ohio State,EDGE,"6'4""",257,,2019-08-21
103,-3,Brycen Hopkins,Purdue,TE,"6'5""",245,,2019-08-21
104,NEW,Damien Lewis,LSU,OG,"6'2""",335,,2019-08-21
105,-7,Marquez Callaway,Tennessee,WRF,"6'2""",200,,2019-08-21
106,-23,Glen Logan,LSU,DL5T,"6'4""",297,,2019-08-21
107,-14,DeVonta Smith,Alabama,WRF,"6'1""",193,,2019-08-21
108,--,Tuf Borland,Ohio State,ILB,"6'1""",230,,2019-08-21
109,-6,Joe Bachie,Michigan State,ILB,"6'2""",238,,2019-08-21
110,-24,Troy Dye,Oregon,ILB,"6'4""",224,,2019-08-21
111,+9,Saahdiq Charles,LSU,OT,"6'5""",305,,2019-08-21
112,NEW,Hamsah Nasirildeen,Florida State,S,"6'3""",216,,2019-08-21
113,-22,Shyheim Carter,Alabama,CB,"6'0""",195,S,2019-08-21
114,NEW,Akeem Davis- Gaither,Appalachian State,OLB,"6'2""",210,,2019-08-21
115,+14,Jeffrey McCulloch,Texas,ILB,"6'3""",245,,2019-08-21
116,-9,Mike Hampton,South Florida,CB,"6'1""",180,,2019-08-21
117,-15,Nick Harris,Washington,OC,"6'1""",302,,2019-08-21
118,+17,Julian Rochester,Georgia,DL3T,"6'5""",300,,2019-08-21
119,+36,Lorenzo Neal,Purdue,DL3T,"6'3""",315,,2019-08-21
120,-10,Jalen Hurts,Oklahoma,QB,"6'2""",210,,2019-08-21
121,-15,Jon Runyan,Michigan,OG,"6'5""",310,OT,2019-08-21
122,-6,Chubba Hubbard,Oklahoma State,RBF,"6'1""",207,,2019-08-21
123,NEW,Myles Dorn,North Carolina,S,"6'1""",198,,2019-08-21
124,-19,Paddy Fisher,Northwestern,ILB,"6'4""",241,,2019-08-21
125,-14,Mustafa Johnson,Colorado,DL3T,"6'2""",290,,2019-08-21
126,NEW,K.J. Hamler,Penn State,WRS,"5'9""",174,,2019-08-21
127,-23,Darrell Taylor,Tennessee,EDGE,"6'4""",247,,2019-08-21
128,-14,McTelvin Agim,Arkansas,DL5T,"6'3""",279,,2019-08-21
129,+4,Prince Tega Wanogho,Auburn,OT,"6'7""",310,,2019-08-21
130,-8,Jacob Breeland,Oregon,TE,"6'5""",240,,2019-08-21
131,-7,Brian Lewerke,Michigan State,QB,"6'3""",214,,2019-08-21
132,+39,Scottie Phillips,Ole Miss,RBC,"5'8""",212,,2019-08-21
133,+32,Christian Rector,USC,EDGE,"6'4""",275,,2019-08-21
134,-6,Chase Lucas,Arizona State,CB,"6'0""",175,,2019-08-21
135,+3,KeShawn Vaughn,Vanderbilt,RBF,"5'10""",215,,2019-08-21
136,-18,Chase Claypool,Notre Dame,WRF,"6'4""",227,,2019-08-21
137,+67,Tyler Johnson,Minnesota,WRF,"6'2""",200,,2019-08-21
138,+12,Lucas Niang,TCU,OT,"6'7""",328,,2019-08-21
139,-18,Jonathan Garvin,Miami (FL),EDGE,"6'4""",250,,2019-08-21
140,-28,Zack Shackelford,Texas,OC,"6'4""",305,,2019-08-21
141,-4,T.J. Carter,Memphis,CB,"5'11""",180,,2019-08-21
142,-65,Grant Calcaterra,Oklahoma,TE,"6'4""",221,,2019-08-21
143,-18,Erroll Thompson,Mississippi State,ILB,"6'1""",250,,2019-08-21
144,-76,J.R. Reed,Georgia,S,"6'1""",199,,2019-08-21
145,+15,Benito Jones,Ole Miss,DL1T,"6'1""",326,,2019-08-21
146,+192,Frederick Mauigoa,Washington State,OC,"6'3""",310,,2019-08-21
147,-16,Damon Arnette,Ohio State,CB,"6'0""",195,,2019-08-21
148,-6,Larry Rountree III,Missouri,RBF,"5'10""",210,,2019-08-21
149,-9,Jabari Zuniga,Florida,EDGE,"6'4""",257,,2019-08-21
150,-11,Michael Warren II,Cincinnati,RBF,"5'11""",218,,2019-08-21
151,NEW,Antoine Winfield Jr.,Minnesota,S,"5'10""",207,,2019-08-21
152,+6,Luke Campbell,Michigan State,OT,"6'5""",302,,2019-08-21
153,-30,Solomon Kindley,Georgia,OG,"6'4""",335,,2019-08-21
154,-11,Levonta Taylor,Florida State,CB,"5'10""",181,,2019-08-21
155,-21,Carter Coughlin,Minnesota,OLB,"6'4""",245,EDGE,2019-08-21
156,-10,Nate Stanley,Iowa,QB,"6'4""",243,,2019-08-21
157,NEW,Marcelino Ball,Indiana,S,"6'0""",220,,2019-08-21
158,+24,Marlon Tuipulotu,USC,DL3T,"6'3""",305,,2019-08-21
159,+79,Justin Jefferson,LSU,WRF,"6'2""",185,,2019-08-21
160,+2,Greg Eiland,Mississippi State,OT,"6'8""",335,,2019-08-21
161,-25,Tremayne Anchrum,Clemson,OG,"6'2""",310,,2019-08-21
162,+12,Lamical Perine,Florida,RBF,"5'11""",227,,2019-08-21
163,+6,Corey Bethley,TCU,DL3T,"6'2""",290,,2019-08-21
164,NEW,Kyle Dugger,LenoirRhyne,S,"6'2""",205,,2019-08-21
165,-20,Mitchell Wilcox,South Florida,TE,"6'5""",245,,2019-08-21
166,+100,Bryan Edwards,South Carolina,WRF,"6'3""",215,,2019-08-21
167,-14,Sam Ehlinger,Texas,QB,"6'3""",235,,2019-08-21
168,+34,Robert Windsor,Penn State,DL3T,"6'4""",289,,2019-08-21
169,-80,J.J. Taylor,Arizona,RBC,"5'6""",184,,2019-08-21
170,-11,Rodney Smith,Minnesota,RBF,"5'11""",210,,2019-08-21
171,-39,Jake Hanson,Oregon,OC,"6'5""",297,,2019-08-21
172,+63,Logan Stenberg,Kentucky,OG,"6'6""",326,,2019-08-21
173,+122,Kalija Lipscomb,Vanderbilt,WRF,"6'1""",200,,2019-08-21
174,+3,Krys Barnes,UCLA,ILB,"6'1""",235,,2019-08-21
175,NEW,Jaquarius Landrews,Mississippi State,S,"5'11""",197,,2019-08-21
176,+15,Josh Uche,Michigan,OLB,"6'3""",238,,2019-08-21
177,-20,Rayshard Ashby,Virginia Tech,ILB,"5'10""",230,,2019-08-21
178,NEW,A.J. Green,Oklahoma State,CB,"6'1""",194,,2019-08-21
179,+13,Isaiahh Loudermilk,Wisconsin,DL5T,"6'7""",306,,2019-08-21
180,-14,Pete Werner,Ohio State,ILB,"6'3""",236,,2019-08-21
181,-37,Richard Moore,SMU,OLB,"6'0""",230,,2019-08-21
182,-19,Cam Brown,Penn State,ILB,"6'5""",230,,2019-08-21
183,NEW,B.J. Smith,Troy,RBC,"5'9""",203,,2019-08-21
184,-14,Mohamed Barry,Nebraska,ILB,"6'1""",230,,2019-08-21
185,NEW,Tyler Higby,Michigan State,OG,"6'4""",303,,2019-08-21
186,+43,Trey Sermon,Oklahoma,RBF,"6'0""",224,,2019-08-21
187,-33,Harrison Bryant,Florida Atlantic,TE,"6'5""",240,,2019-08-21
188,-20,Trystan Colon-Castillo,Missouri,OC,"6'4""",315,,2019-08-21
189,-28,Joe Gaziano,Northwestern,DL5T,"6'4""",275,,2019-08-21
190,+5,Patrick Johnson,Tulane,EDGE,"6'3""",255,,2019-08-21
191,-3,D'Eriq King,Houston,QB,"5'11""",195,,2019-08-21
192,-36,DeMarkus Acy,Missouri,CB,"6'2""",195,,2019-08-21
193,+7,Khalil Davis,Nebraska,DL1T,"6'2""",310,,2019-08-21
194,+46,Reggie Corbin,Illinois,RBF,"5'10""",200,,2019-08-21
195,NEW,Rico Bussey Jr.,North Texas,WRF,"6'2""",193,,2019-08-21
196,-95,David Dowell,Michigan State,S,"6'1""",205,,2019-08-21
197,-13,Kellen Mond,Texas A&M,QB,"6'2""",217,,2019-08-21
198,-79,Britain Covey,Utah,WRS,"5'8""",170,,2019-08-21
199,-18,Zach Robertson,Arizona State,OT,"6'5""",335,OG,2019-08-21
200,+3,Jordan Elliott,Missouri,DL3T,"6'4""",315,,2019-08-21
201,-22,Jared Rice,Fresno State,TE,"6'5""",238,,2019-08-21
202,-8,Juwan Washington,San Diego State,RBC,"5'7""",190,RBC,2019-08-21
203,-16,Nyles Pinckney,Clemson,DL3T,"6'1""",305,,2019-08-21
204,-14,Drew Richmond,USC,OT,"6'5""",316,,2019-08-21
205,-32,Tre'Vour Wallace-Simms,Missouri,OG,"6'5""",330,,2019-08-21
206,-17,Scott Frantz,Kansas State,OT,"6'5""",303,,2019-08-21
207,+3,Tyler Clark,Georgia,DL1T,"6'4""",300,,2019-08-21
208,-30,Essang Bassey,Wake Forest,CB,"6'10""",190,,2019-08-21
209,+37,Tommy Townsend,Florida,P,"6'2""",183,,2019-08-21
210,-24,Scott Lashley,Alabama,OT,"6'7""",307,,2019-08-21
211,+39,Daelin Hayes,Notre Dame,DL5T,"6'4""",268,,2019-08-21
212,-36,Joshua Kelley,UCLA,RBF,"5'11""",204,,2019-08-21
213,-41,Steven Gonzalez,Penn State,OG,"6'4""",349,,2019-08-21
214,-1,Braden Mann,Texas A&M,P,"5'11""",195,,2019-08-21
215,+19,Evan Weaver,California,ILB,"6'3""",245,,2019-08-21
216,-18,Paulson Adedo,Stanford,CB,"6'1""",189,,2019-08-21
217,NEW,Michael Pittman Jr.,USC,WRF,"6'4""",223,,2019-08-21
218,+2,Colin Schooler,Arizona,ILB,"6'0""",236,,2019-08-21
219,-8,Raequan Williams,Michigan State,DL3T,"6'4""",298,,2019-08-21
220,-72,Kelvin Jarvis,Michigan State,OG,"6'4""",317,,2019-08-21
221,-22,Matt Hennessy,Temple,OC,"6'4""",295,,2019-08-21
222,NEW,Aaron Fuller,Washington,WRS,"5'11""",186,,2019-08-21
223,NEW,Kylin Hill,Mississippi State,RBF,"5'11""",215,,2019-08-21
224,+28,Jay Tufele,USC,DL3T,"6'3""",310,,2019-08-21
225,-18,Cameron Dantzler,Mississippi State,CB,"6'2""",185,,2019-08-21
226,--,T.J. Brunson,South Carolina,ILB,"6'0""",230,,2019-08-21
227,-30,Tedarrell Slaton,Florida,DL1T,"6'5""",343,,2019-08-21
228,NEW,Devin Duvernay,Texas,WRS,"5'11""",186,,2019-08-21
229,-1,Leki Fotu,Utah,DL1T,"6'5""",330,,2019-08-21
230,+41,Kamal Martin,Minnesota,ILB,"6'3""",235,,2019-08-21
231,NEW,Gerold Bright,Utah State,RBF,"5'9""",195,,2019-08-21
232,NEW,Josh Metellus,Michigan,S,"5'11""",215,,2019-08-21
233,-12,Jet Toner,Stanford,PK,"6'4""",201,,2019-08-21
234,NEW,Cheyenne OGrady,Arkansas,TE,"6'4""",256,,2019-08-21
235,-19,Feleipe Franks,Florida,QB,"6'6""",240,,2019-08-21
236,-27,Marcus Keyes,Oklahoma State,OG,"6'3""",309,,2019-08-21
237,+31,Breiden Fehoko,LSU,DL5T,"6'4""",291,,2019-08-21
238,-2,Bobby Roundtree,Illinois,EDGE,"6'5""",255,,2019-08-21
239,-7,Neville Gallimore,Oklahoma,DL1T,"6'2""",330,,2019-08-21
240,-22,Levi Onwuzurike,Washington,DL3T,"6'3""",282,,2019-08-21
241,-2,Jordon Scott,Oregon,DL1T,"6'1""",329,,2019-08-21
242,NEW,Jalen Elliott,Notre Dame,S,"6'0""",207,,2019-08-21
243,+8,Patrick Queen,LSU,ILB,"6'2""",232,,2019-08-21
244,-3,McKenzie Milton,UCF,QB,"5'11""",185,,2019-08-21
245,NEW,James Wiggins,Cincinnati,S,"6'0""",206,,2019-08-21
246,NEW,Jack Anderson,Texas Tech,OC,"6'5""",321,OG,2019-08-21
247,-16,De'Jon Harris,Arkansas,ILB,"6'0""",244,,2019-08-21
248,+6,Blake Gillikin,Penn State,P,"6'2""",195,,2019-08-21
249,--,Leo Lewis,Mississippi State,ILB,"6'2""",245,,2019-08-21
250,+14,Khalil Brooks,Middle Tennessee,OLB,"5'11""",206,,2019-08-21
251,-37,Thomas Graham Jr.,Oregon,CB,"5'11""",191,,2019-08-21
252,-172,Jordan Fuller,Ohio State,S,"6'2""",205,,2019-08-21
253,+16,Chauncey Rivers,Mississippi State,DL5T,"6'3""",275,,2019-08-21
254,NEW,Keith Ismael,San Diego State,OC,"6'3""",311,,2019-08-21
255,NEW,Kary Vincent Jr.,LSU,CB,"5'10""",182,,2019-08-21
256,+19,Raymond Calais,LSU,RBC,"5'9""",180,,2019-08-21
257,-21,Davion Taylor,Colorado,OLB,"6'2""",220,,2019-08-21
258,-4,Kylan Wilborn,Arizona,EDGE,"6'2""",248,,2019-08-21
259,-119,Denzel Mims,Baylor,WRF,"6'3""",197,,2019-08-21
260,-47,Rashad Weaver,Pitt,EDGE,"6'5""",260,,2019-08-21
261,-19,Luc Bequette,California,DL5T,"6'2""",295,,2019-08-21
262,-33,Jason Strowbridge,North Carolina,DL3T,"6'3""",285,,2019-08-21
263,-59,Logan Wilson,Wyoming,ILB,"6'2""",250,,2019-08-21
264,+16,David Reese II,Florida,ILB,"6'1""",248,,2019-08-21
265,-136,Julian Blackmon,Utah,S,"6'1""",195,,2019-08-21
266,-87,Keisean Lucier-South,UCLA,EDGE,"6'4""",235,,2019-08-21
267,-7,Jake Bentley,South Carolina,QB,"6'2""",220,,2019-08-21
268,-86,Kenny Robinson Jr.,West Virginia,S,"6'2""",202,,2019-08-21
269,-103,Theo Howard,UCLA,WRF,"6'0""",182,,2019-08-21
270,-65,Jordan Cronkrite,South Florida,RBF,"5'11""",207,,2019-08-21
271,-47,Josiah Scott,Michigan State,CB,"5'10""",168,,2019-08-21
272,NEW,Connor Slomka,Army,FB,"6'0""",240,,2019-08-21
273,--,Jahad Woods,Washington State,OLB,"6'0""",225,,2019-08-21
274,-56,Dalton Keene,Virginia Tech,TE,"6'4""",246,,2019-08-21
275,-49,Jordan Williams,Clemson,DL3T,"6'4""",305,,2019-08-21
276,-24,Bravvion Roy,Baylor,DL1T,6'1,330,,2019-08-21
277,-30,Dante Olson,Montana,ILB,"6'3""",237,,2019-08-21
278,NEW,Isaiah Zuber,Mississippi State,WRS,"5'11""",186,,2019-08-21
279,-22,Josiah Deguara,Cincinnati,TE,"6'3""",240,,2019-08-21
280,+34,Reggie Walker,Kansas State,EDGE,"6'2""",246,,2019-08-21
281,NEW,John Hightower,Boise State,WRF,"6'2""",184,,2019-08-21
282,-21,Cale Garrett,Missouri,ILB,"6'3""",230,,2019-08-21
283,NEW,Troy Pride Jr.,Notre Dame,CB,"5'11""",192,,2019-08-21
284,NEW,Antonio Gandy-Golden,Liberty,WRF,"6'4""",216,,2019-08-21
285,NEW,Juwan Johnson,Oregon,WRF,"6'4""",227,,2019-08-21
286,-7,Robert Landers,Ohio State,DL3T,"6'1""",285,,2019-08-21
287,+38,Cesar Ruiz,Michigan,OC,"6'4""",319,,2019-08-21
288,NEW,Jeff Gladney,TCU,CB,"5'10""",183,,2019-08-21
289,+15,Mike Panasiuk,Michigan State,DL3T,"6'4""",300,,2019-08-21
290,NEW,Johnathon Johnson,Missouri,WRS,"5'8""",179,,2019-08-21
291,NEW,Van Jefferson,Florida,WRF,"6'2""",197,,2019-08-21
292,-146,Antoine Brooks Jr.,Maryland,S,"5'11""",210,,2019-08-21
293,+3,Daniel Bituli,Tennessee,ILB,"6'3""",244,,2019-08-21
294,-87,Kiel Pollard,South Carolina,FB,"6'1""",235,,2019-08-21
295,-72,Rashad Robinson,James Madison,CB,"5'11""",185,,2019-08-21
296,-38,Jake Verity,East Carolina,PK,"6'1""",185,,2019-08-21
297,-25,Quincy Roche,Temple,EDGE,"6'4""",235,,2019-08-21
298,-1,Ben Petrula,Boston College,OT,"6'5""",310,,2019-08-21
299,-58,Jason Huntley,New Mexico State,RBC,"5'9""",188,,2019-08-21
300,-29,Sage Lewis,Florida International,ILB,"6'1""",240,,2019-08-21
